经纬度,count
"120.13327606648856, 30.076105166336152",3249
"120.19457409889512, 30.068892958174597",130
"120.21551180372168, 30.25308298169347",78562
"120.46848366958999, 30.338653921723363",37299
"120.45334222986314, 30.31605196581798",1784
"120.43070641860562, 30.269104550435205",16628
"120.44659820124699, 30.286079095817154",782
"120.28698770762414, 30.21649782989135",1402
"120.26905189008298, 30.220367063336294",165
"120.27011278889027, 30.221318946224738",99
"120.48608816061838, 30.23467467379749",2648
"120.1837189023498, 30.07061160179425",27158
"120.20862898690424, 30.06612213640747",383
"120.29830916155967, 30.202053852930828",22438
"120.29232924149164, 30.24765459914221",37283
"120.26002041631622, 30.15861032664578",349
"120.20626707222685, 30.01713293986793",1776
"120.17029221106178, 30.005080592317373",21374
"120.1989063568781, 30.021745735100378",369
"120.56266174706953, 30.356467947463745",11828
"120.59856090443603, 30.303719336860127",7949
"120.55022784416671, 30.290803876404986",17115
"120.25111105730218, 30.127206526151838",4630
"120.26733432994791, 30.127411255063148",2022
"120.26086491332616, 30.09652671691406",472
"120.31687189124503, 30.001916175044418",13396
"120.4448260241369, 30.151159443523127",17589
"120.46626229660626, 30.196281582758512",51404
"120.21473322257347, 30.01078794760814",122
"120.23631404407736, 30.11487386891428",480
"120.31723651165493, 30.160613535797303",16887
"120.2704705839749, 30.18751122221409",21254
"120.23921619968844, 30.018955521787145",4199
"120.53052895114689, 30.168472997552946",3851
"120.10176800072608, 30.421183659443226",25331
"120.54194066502346, 30.17188340139113",100
"120.53053263419949, 30.166229408096378",2375
"120.54342924708403, 30.173448177264998",100
"119.1545754308187, 29.668436003713705",240
"120.05393008825047, 30.295933383628384",4063
"120.21052529303829, 29.975997968621172",108
"120.17930519349022, 29.955466252089803",8101
"120.21372927929966, 29.955972341056963",1222
"120.29366480888658, 30.141713578560616",713
"120.29066988167226, 30.163338081948915",3992
"120.39175054138536, 30.237655304295163",4089
"120.39095904440053, 30.243545078713932",1732
"120.29657866582524, 30.208389676450892",2531
"120.29701479315034, 30.09622659398211",187
"120.28132229419653, 30.12769995907573",866
"120.30426474203988, 30.089818022019443",7829
"120.30033322353475, 30.09775157139273",344
"120.29491132159536, 30.09867413634936",344
"120.2606888133609, 29.96992060064806",10114
"120.26797985228737, 30.1782332056046",706
"120.26700312290976, 30.195037471552638",19343
"120.29150334299901, 30.18621563713927",1359
"120.51917805255337, 30.319500299843405",1193
"120.54540578869764, 30.283013016418106",8106
"120.54626888063163, 30.282706060099446",875
"120.51184038952061, 30.30069073272885",25937
"120.49783781702779, 30.271614361127117",2413
"120.36211652057781, 30.192537561295843",2455
"120.35907126489899, 30.217668800819844",53089
"120.58748367641273, 30.163473911169906",1719
"120.12344929171216, 29.899987965993216",9520
"120.16042347103297, 29.928960669585138",503
"120.4268070037428, 30.19461807112183",199
"120.25218529594628, 30.051753908258767",19111
"120.25674492493519, 30.04535309116791",648
"120.2657620258138, 30.040413833614988",1770
"120.26010011218446, 30.043916897256455",442
"120.25576002277406, 30.042830228117587",685
"120.27442393669376, 30.189896279963357",631
"120.30055267957084, 30.27573304864503",4852
"120.29515486237159, 30.00617217227022",1350
"120.28966629475651, 30.038267666469654",842
"120.19493369059077, 30.143157614794237",686
"120.27407629246139, 30.06943031349312",566
"120.27131355386547, 30.061321302955985",446
"120.27087284518227, 30.060574553228097",446
"120.26449038453387, 30.063041478224353",446
"120.26340603995277, 30.06177821158365",446
"120.21043979115126, 30.179471241268317",4293
"120.29733099668985, 30.146192184540684",446
"120.26240299202034, 30.06290425915493",446
"120.27031643474939, 30.0619049609572",686
"120.27460090287923, 30.073322906484123",446
"120.2630063838314, 30.062583559623803",506
"120.29698362194914, 30.169083727049387",446
"120.27590398485201, 30.069870228478464",446
"120.27045989413932, 30.062639041342916",386
"120.27349832269627, 30.073824373855558",686
"120.26866346278048, 30.061857683928906",446
"120.27481667586271, 30.073592861581627",686
"120.27490201488617, 30.072286209487658",686
"120.2673381926616, 30.063400856869716",446
"120.27785007390882, 30.072243156789952",446
"120.27388836694871, 30.073297512695714",686
"120.32061408737242, 30.23632650867049",239
"120.23233122693776, 30.18276723363413",3754
"120.23917047593797, 30.17874303281064",1398
"120.26516944421125, 30.17633309000993",2935
"120.39294358093316, 30.236281656138836",1075
"120.14734595619969, 30.27945703523914",159
"120.26402937414615, 30.22146717729366",596
"120.52181556736122, 30.312168429425306",350
"120.51845051492083, 30.301641507334008",804
"120.53797455636635, 30.306942175269175",650
"120.51217854585018, 30.314567579431657",3400
"120.54432755259403, 30.309309029045487",560
"120.51451261305675, 30.31949679264976",1191
"113.5314355437236, 22.807929296528254",350
"120.54910571236434, 30.234257444002075",11978
"120.56796008411997, 30.213121572915888",2750
"120.24308825575865, 30.21328323639273",475
"120.24311610322945, 30.21323236548204",475
"120.24229424351837, 30.19280882608446",887
"120.2428179556307, 30.209344095204862",475
"120.14206589607313, 30.28351013234074",475
"120.2415950025094, 30.19396707765911",1676
"120.24519532116285, 30.20431893491491",475
"120.24224887909013, 30.20184098183341",582
"120.03326271768746, 30.37424242830496",859
"120.07273871918784, 30.250891177313765",1971
"120.22981354608494, 30.183639408098422",887
"120.23441996690956, 30.18420009313844",475
"120.29204572639135, 30.415387198526236",7259
"120.25713398105157, 30.155412119609775",413
"120.24579125703818, 30.136936319348766",413
"120.26873119501593, 30.18460881988682",413
"120.25912291928121, 30.13028919846232",1379
"120.25189147009533, 30.153877033579928",413
"120.21161199001122, 30.073559263737376",1306
"120.22384125173241, 30.08257463651286",230
"120.55269805316655, 30.333794021878166",230
"120.38313381527256, 30.180909846756386",1783
"120.38380691559118, 30.19377010874922",18109
"120.20426187466748, 30.070242709125033",504
"120.20655318253179, 30.074318806606374",3978
"120.29075351391525, 30.163750252794642",354
"120.09472670605739, 29.90949962700298",1984
"120.10819778531113, 29.91019720132641",190
"120.29164723806711, 30.162788518113686",444
"120.28789268035761, 30.163577188089018",1029
"120.29543682969151, 30.083384969957674",1354
"120.28059797364317, 29.96474211150252",1084
"120.16266835328338, 30.056068615269588",204
"120.36592318000689, 30.20259024233641",1895
"120.28911877754818, 30.16813063141634",1343
"120.31477123884387, 30.15080671104274",480
"120.31674032452175, 30.147995267394492",679
"120.25141905122764, 30.199564605380758",1325
"120.27417615618664, 30.200149869482107",1099
"120.29473157003564, 30.189780154030377",58
"120.29856311252733, 30.16790566514319",3515
"120.29090685466579, 30.171597481882593",1358
"120.26219081225888, 30.190990728870368",1226
"120.19257096743843, 30.069432266938804",1686
"120.19219754183793, 30.06836544538265",271
"120.34093025461662, 30.193954669565997",123
"120.33995415584948, 30.194813399527952",123
"120.19540440267801, 30.118105579927466",1717
"120.18654449538228, 30.129330864513253",922
"120.38292891178573, 30.228979778424325",120
"119.97162554081527, 30.27648033689821",5640
"120.30261941105765, 30.21800202200301",2329
"120.3253617218232, 30.192163049203725",552
"120.3056479456777, 30.19615512489934",148
"120.3088638919797, 30.191709246939208",4627
"120.29622114023226, 30.178124246474606",148
"120.28011083938578, 30.416175143360245",552
"113.9337148068996, 22.585381720566428",552
"120.56318915211578, 30.335712407574437",823
"120.56394798222075, 30.350471276121805",1635
"120.46347026516595, 30.29242254624258",45
"120.46299497172062, 30.291991040093144",45
"120.46896232539285, 30.21324711180704",162
"120.4704927684902, 30.205439829823007",162
"120.46465980132226, 30.196599430609304",1964
"120.46875535580335, 30.213220740070803",162
"120.4785218231384, 30.20960064436769",162
"120.46734780089977, 30.21350778589271",2473
"120.35247671431968, 30.2295691442526",964
"120.44064962665144, 30.22441848228743",369
"120.43860355169984, 30.22403676602055",540
"120.44076325780694, 30.224426914422477",935
"120.30943350750357, 30.19165922320693",2386
"120.45295384298439, 30.26579632256351",250
"120.45510452561263, 30.267447229790086",250
"120.45200859113014, 30.266448838518347",250
"120.45327404847494, 30.26561087487576",1535
"120.4434458549751, 30.269145347788296",415
"120.31865086942614, 30.42841814872024",250
"120.45372014609289, 30.265640764015128",250
"120.44933140535437, 30.267580313057103",250
"113.06144723583577, 33.874745598630774",250
"120.39718591404306, 30.163145822076853",10348
"120.3970238642206, 30.173267246215353",185
"120.36029736208955, 30.17172643066994",1392
"120.3578930473921, 30.180643153753927",1873
"120.46338654309241, 30.187478834162786",3355
"119.54939157182025, 29.908570615949507",367
"120.45375886395868, 30.179809587078072",656
"120.2657444190258, 30.137314557188372",371
"120.26247126323909, 30.181557337180564",690
"120.2647766744999, 30.173011538085493",2985
"120.25117040026248, 30.17856289208759",2944
"120.46474320898886, 30.18376713124776",190
"120.46834168611599, 30.1817530039449",2250
"120.46402532814055, 30.179880924430012",1036
"120.48300289890365, 30.241070060607804",8661
"120.29615520460783, 30.21213520143048",1315
"120.28585388617216, 30.212045786150924",975
"120.26472879481621, 30.044191670903846",1011
"120.24993325391414, 30.208689922992374",180
"118.7949084258509, 29.729219156491634",380
"120.20489688683249, 30.10819587951904",150
"120.40855980476613, 30.20009487849484",1982
"120.41908346279857, 30.19284488020839",104
"120.4203138718556, 30.187907526221387",835
"120.41613782920079, 30.199729724836",1065
"120.4179055093935, 30.203562054747245",523
"119.52837743777393, 30.2480191314263",104
"120.42147376393007, 30.184240130797075",594
"120.42531455896854, 30.1920905502391",494
"120.421952740428, 30.189109149459085",104
"120.41204227471971, 30.189048510646796",104
"120.40314144331987, 30.216422643518943",179
"120.40520203758342, 30.199538073873203",244
"120.41498080721242, 30.189242490328645",104
"120.28995105760318, 30.221902819297505",2470
"120.28946785906936, 30.219810253173062",1328
"120.27496714203563, 30.164380137037014",3212
"120.28214244712713, 30.164951158834718",2267
"120.38180549091494, 30.16721234111838",952
"120.20788599841694, 30.05537926507674",806
"120.34777803751919, 30.198636076353555",5139
"120.34751989865123, 30.197065378628054",156
"119.77757823908397, 29.86655561585044",156
"120.34629550554621, 30.196206715092828",156
"120.37856170971843, 30.163249948979686",95
"120.35599142445803, 30.161512175393323",95
"120.20645390297675, 29.977256630415766",332
"120.2019014703148, 29.996509417607463",452
"120.59569894979312, 30.199769209881683",1014
"120.25364557445289, 29.991114609968914",398
"120.2725239138916, 29.98324938525445",1465
"120.4807021902722, 30.238099454184432",525
"120.46146174387619, 30.16912392702915",1919
"120.46449604022779, 30.174704772393884",175
"120.44202331094577, 30.164752023656227",876
"120.46047899764827, 30.255099182845623",268
"120.26229896824229, 30.23725405439095",216
"120.25922658373705, 30.243632593101836",1145
"120.26414480640418, 30.23506579363591",216
"120.28715885458652, 30.2374990635202",216
"120.24330745667596, 30.243365278753004",157
"120.23503332991177, 30.235198948754768",157
"120.24262248435173, 30.24480732184139",239
"120.2498883646895, 30.189902969140658",973
"120.24462319038354, 30.243071002078587",239
"120.18619201018151, 30.29160700970139",239
"120.25015913283461, 30.233940490890998",157
"120.26284675494226, 30.21070961872791",567
"120.25991217050226, 30.17981434810647",554
"120.15562112977821, 29.91798859809446",2302
"120.30031202352471, 30.23662822916354",7434
"120.46962644265638, 30.30501622379259",1970
"120.04754331573564, 30.42115617633917",170
"120.28162825705324, 30.382443332881753",120
"120.49187154132217, 30.235474229029155",923
"120.28353203592053, 31.988170075210594",120
"120.24469613279096, 30.187765799727146",609
"120.24787182242983, 30.186572042402556",129
"120.24701663558433, 30.186235671165782",484
"119.04633797114336, 29.59962687680495",129
"120.47098351279031, 30.194283600557057",517
"120.46568674687617, 30.18732864828694",275
"120.12935101218986, 30.339790935114717",400
"120.53318191680951, 30.165677206469404",460
"120.46962826891148, 30.180332565926093",227
"120.23295428175813, 30.19307414338817",2281
"120.47184891965759, 30.182002167869488",227
"120.47113002641898, 30.18030114252085",352
"119.23118303098889, 30.170573769209778",227
"120.47017395986471, 30.181480147431614",1147
"120.26558200538959, 30.17642014418727",1141
"120.24008010009739, 30.18394425757489",893
"120.28900136901802, 30.171988308584652",120
"120.2924569706538, 30.175728129510517",1026
"120.2954498551214, 30.176232584186284",1143
"120.16676821963092, 30.012104930696225",4415
"120.41618454108732, 30.14730586188551",461
"120.41551288524396, 30.164862323440616",266
"120.41576503241416, 30.163570162451727",266
"120.41553210179542, 30.16788693094022",266
"120.4153035728737, 30.16809097744054",266
"119.12793537245415, 29.301258681563027",266
"120.22280487666553, 30.059934075613388",127
"120.22853669463306, 30.05591692894664",243
"120.60586758850498, 30.16365126950035",364
"120.6455495741537, 30.282313947837476",16129
"120.27993441218362, 30.199635460077292",182
"120.29017644245563, 30.202659768300123",296
"120.28594650596177, 30.205045138719996",182
"120.29450362950399, 30.214334547800707",296
"120.26899478300511, 30.206033158560444",182
"120.2900620701981, 30.20526201141591",182
"120.59693789275248, 30.155470905672193",525
"120.35650830944846, 30.17265607457184",360
"120.42619795260704, 30.285443215464674",3053
"120.19121389730451, 30.068299574455338",125
"120.32266429003785, 30.103919980480466",150
"120.32398632625689, 30.09115404911591",150
"120.32596693270291, 30.244639289078194",445
"120.29978471819035, 30.01637569024657",743
"120.3090305276518, 30.422683929208656",1296
"120.25592951621127, 29.986851666532946",152
"120.56996770710421, 30.310725060477218",838
"120.59413616769743, 30.317854788593745",932
"118.91555537876933, 29.863337076390245",360
"119.1231509973096, 29.307892051342357",2925
"120.19680396266254, 30.04235525450986",122
"120.46541599490055, 30.300518056877625",185
"120.5609310231655, 30.321542010583546",93
"120.49995186855395, 30.332789586661566",733
"120.49220481266637, 30.30181814636298",1268
"120.5527826735456, 30.188866828110847",135
"120.23335062403048, 30.341133218223487",107
"120.29218702984807, 30.172190160947707",4748
"120.42351997811903, 30.190972498561358",506
"120.41440369353245, 30.19461827924863",446
"120.42302765280124, 30.193028272190833",107
"120.42475536378858, 30.194629308563716",107
"120.30718251672722, 29.98647316026989",312
"120.31211153588993, 30.017489125053885",3212
"120.29775346977118, 30.04342486025557",271
"120.29808340055855, 29.967599803606614",271
"120.31497066266708, 30.15070443556114",1256
"120.44938205002241, 30.15159141806324",1429
"120.240465007201, 29.977468582690456",481
"120.27728996360376, 29.95176154096987",173
"120.54160065638793, 30.171334119846755",621
"120.27303075288171, 30.165459817242557",1649
"120.65782701649091, 30.270223257808723",282
"120.36753366212517, 30.215442182715066",1480
"120.25738766252758, 30.043448073345562",118
"120.25785666783433, 30.043221022515542",118
"120.16453772704963, 30.157240482298796",1566
"120.56079825361111, 30.30431358652059",135
"120.28087898042736, 30.13343918974066",275
"120.26999556002121, 30.16210187122347",1812
"120.27346462096847, 30.14869182434922",103
"120.27768523484772, 30.147122149720865",275
"120.26539803242115, 30.142720137398",305
"120.27325802597235, 30.14982314437767",1487
"120.25728300993566, 30.155408138082354",103
"116.87243317374606, 38.32036671947827",1396
"120.60269073106893, 30.176167722529",870
"120.59882280720407, 30.179811850517833",420
"120.5958750176731, 30.177476108847994",420
"120.60547574764153, 30.163307012939615",510
"120.61606362553489, 30.185428063282842",1116
"120.60041181982068, 30.179217734803675",420
"120.60064439111721, 30.17692006827096",420
"120.27425945695488, 30.174630074943472",420
"120.60639165993949, 30.173434986013444",420
"120.60454330652216, 30.185945267129924",420
"120.20428990179938, 30.01869432855726",1999
"120.57081498886123, 30.171724167042573",603
"120.60677227198408, 30.18158309309938",860
"120.10900457025336, 30.367493479704503",649
"120.5990599598587, 30.17725210074298",420
"120.28658600516279, 30.220416604229225",762
"120.24997555512059, 30.229050356633007",325
"120.40533301052677, 30.182900304157307",670
"120.48320388128694, 30.24668548558899",1883
"120.32084180781919, 30.1992044005322",1804
"120.28902328767246, 30.21976554906645",321
"120.29175180082848, 30.225293957282762",540
"120.59405576935427, 30.195912943660066",111
"120.24174313308801, 30.248887056037848",180
"120.25034656427927, 30.04933800241436",73
"120.38231644708902, 30.22985629790536",2613
"120.35992097208087, 30.235349888871283",4784
"120.18871364357858, 30.129402803425243",220
"109.6145474722304, 25.78883038778805",220
"120.29650150138194, 30.44280926998164",2101
"120.24201339548712, 30.222716742817106",1179
"120.25219006684685, 30.234293459151576",787
"120.26356117731436, 30.220109294252005",509
"120.24711850342916, 30.221218539051446",509
"120.26510347804444, 30.220545020347735",509
"120.2582673731135, 30.22028358492425",509
"120.25971535176502, 30.21949069247656",509
"120.26339301452288, 30.22041418569803",509
"120.26250539884846, 30.221088797539",509
"120.24356301022067, 30.22136045094678",509
"120.2500604629574, 30.16872098962798",15414
"119.93627102068962, 30.055640516944663",325
"120.41445179958913, 30.26216507168771",2487
"120.25294554178073, 30.203840375576785",564
"120.25487339523569, 30.20285227146722",120
"120.19372978154631, 30.11123832996579",180
"120.2763938140273, 29.931534501455516",73
"120.27604122911475, 29.93144216924636",553
"120.44058359670494, 30.200538618843566",270
"120.44017450837568, 30.20107236347986",270
"120.44190958546821, 30.200146189818643",270
"120.31125958294427, 30.209305394299264",701
"120.15247725693378, 30.30931768103144",494
"120.2793119996517, 30.16419313662494",461
"120.2132855331763, 30.210459080419202",461
"120.27933439350974, 30.166000511533852",461
"120.27802067290482, 30.16698153775011",461
"120.34520906342176, 30.197457200845907",461
"120.28345810537705, 30.16277376415557",2427
"120.27996285343436, 30.166152866923778",461
"120.27661301739103, 30.16892401978175",1859
"120.19875774759723, 30.481487310830882",461
"120.301999131103, 30.14956456416552",2094
"120.48643023535658, 30.217377009237364",567
"120.23834259757999, 30.187231357878208",240
"120.41648367682214, 30.17418204514828",330
"120.31178275607327, 30.306416182601826",130
"120.28891719779175, 30.1615850531384",130
"120.28512760616735, 30.16145269038976",130
"120.14649650173308, 29.918545952527612",980
"119.73705237045299, 30.242110595918007",987
"120.45558224448283, 30.163705835224675",467
"120.1921103163729, 30.119113363945786",164
"120.23885915828214, 30.11878118701644",164
"120.21847118139375, 30.214332950144062",402
"120.25016825063554, 30.14894145486919",363
"120.29856616676607, 30.436413701680376",432
"120.18449097886783, 30.252282089325057",628
"120.46860473602018, 30.30249565484987",85
"119.68303645166306, 30.29296436244995",553
"119.62300178131889, 29.849106125636183",1011
"120.49274352648071, 30.2756082141435",1176
"120.00932158408322, 30.288092975331892",226
"120.49049888918087, 30.23321974544987",1230
"120.4694881934384, 30.188866828110847",1297
"120.47974297964865, 30.24428107070332",226
"120.4819447264536, 30.239240942861006",226
"120.4766407714005, 30.236966922563287",2877
"120.50848085087945, 30.253987906481978",226
"120.18884901821895, 30.333240043312884",226
"120.47568084213252, 30.243915181358773",226
"120.47425406349102, 30.238404445294798",767
"120.2789430422228, 30.14510917892021",613
"120.47983703223554, 30.244814107631157",226
"120.48177374028792, 30.23842936809645",474
"120.46686133972034, 30.24497792121045",1020
"120.208744212552, 30.18753614711454",420
"120.23444799404147, 30.184883150512956",420
"120.23539825933877, 30.204289654688637",420
"120.28469534155595, 30.198907324171174",180
"120.27987745961428, 30.19921360855834",180
"120.31027252484989, 30.20739233319467",180
"120.28499456712132, 30.21235327761889",180
"120.27426314000748, 30.189620168479514",180
"120.25537725479624, 30.189266092207422",180
"120.28779521420978, 30.199542911972173",1292
"119.71241086217823, 30.23356246204522",991
"120.28270855925953, 30.197976838004422",180
"120.274892043695, 30.186078099182705",180
"120.27923211693592, 30.197222001497607",180
"119.73592903941275, 30.23193507474447",190
"119.4393950898213, 29.933399689088468",893
"120.2020759380395, 30.249224848830384",190
"120.18493195704268, 30.0717562146158",387
"120.16263152275747, 30.020580439215852",157
"120.18196602174038, 30.059119875297252",1451
"120.08526145731912, 30.16688269433802",120
"120.66258817852439, 30.274720928302663",191
"120.66022459389706, 30.244568726932343",361
"120.6262522964596, 30.27075825791559",761
"120.22271271052021, 30.32013673648447",191
"120.234753962288, 30.188145063890264",393
"120.2324209676582, 30.185347286517636",393
"120.23249480837113, 30.184567767783637",393
"120.2324435151265, 30.185408473947867",393
"120.2001906642657, 30.010302706063648",451
"120.27641934272307, 30.16077368446039",2250
"120.27312277260326, 30.18742291792285",1164
"120.27229028144644, 30.182153702028995",790
"120.28782369049445, 30.16139804534143",426
"120.24281040986442, 30.19857255618591",195
"120.279307125446, 30.182535589029257",3763
"120.3814044873353, 36.09344959486011",6548
"120.31181355112129, 29.953696500534218",2029
"120.09995457463208, 29.887779454297807",540
"120.3980957223551, 30.245231159802042",135
"120.39322241496346, 30.24293060381627",135
"120.55028538422785, 30.231272083305356",109
"120.52449449405307, 30.239209742036497",559
"120.29932164169996, 30.22792398166437",526
"110.86349072743869, 26.439723697953905",175
"120.03300576817601, 30.366326233387525",200
"120.27231410361028, 30.205623120468523",1014
"120.29029151539144, 30.202263212137975",125
"120.29571296880528, 30.216069080392124",295
"120.52766982436975, 30.166437595260888",150
"120.52827780292874, 30.167037321844326",244
"119.57619073667857, 30.3003053232253",205
"120.31548000189123, 30.219141015727732",2627
"120.29201329756242, 30.177812120041",716
"120.26648857531026, 30.19042579061285",51
"120.2890474520907, 30.167357844339467",169
"120.21184141723847, 30.296227123521383",169
"120.21293106182208, 30.297924451840746",169
"120.29070796982589, 30.167780848448032",479
"120.29161579737426, 30.162536529570446",407
"120.26490540167947, 30.166239712083463",735
"120.24638681652348, 30.133622688381024",585
"120.26652226176688, 30.167213746193436",585
"120.26840214570763, 30.16757094684147",739
"120.26775675362244, 30.166843117134544",585
"120.34280106567171, 30.21709403184772",771
"120.3025964144366, 30.21805714245951",66
"120.26407078603015, 30.219809004891136",72
"120.26095195913007, 30.23603609791221",682
"120.2727622511614, 30.175942306470095",1696
"120.29165065162806, 30.210853808655187",1912
"120.30457547130563, 30.210228086804733",218
"120.2964124793059, 30.21896227596757",218
"120.05972522000873, 29.978997988605744",1524
"120.24446966997188, 30.034325921933906",432
"120.29577026901885, 30.084111437252606",150
"120.33219683861807, 30.1721179593577",2931
"120.29417219519456, 30.115661207562315",314
"120.2401820622643, 30.178664349288162",417
"120.24630499795933, 30.179090669123386",101
"120.27727749397675, 30.163428244470143",1503
"120.29161184483002, 30.16481517554632",116
"120.20585205508124, 30.009017493525523",436
"120.39541904142702, 30.194041292069873",323
"120.39752481506788, 30.19049120999073",90
"120.39374927024676, 30.172995123957932",394
"120.26446379469077, 30.1420505269374",30
"120.47190434690417, 30.336918238223024",2246
"120.24341856269466, 30.17080310051563",227
"120.24404045959922, 30.16605236669367",3442
"119.86532948459944, 30.33689749370215",195
"120.24713664920046, 30.18982924222726",90
"120.35866271555304, 30.23104843286259",136
"120.35700740798981, 30.231343851039966",136
"120.3578967304447, 30.23309449932496",136
"120.36110233365704, 30.23552173410399",1253
"120.37292370269361, 30.23512703986486",136
"120.35878627118781, 30.233883732712446",136
"120.35993157208588, 30.232388377622517",136
"120.36139077955629, 30.231771414023036",136
"120.3615299450459, 30.233726976032088",136
"120.35865615792282, 30.23240538326503",136
"120.35861451158107, 30.233278438350965",136
"120.2798702731702, 30.171520674533596",102
"120.27910006602595, 30.172144654438284",242
"120.4693943205126, 30.27369130994055",530
"120.3172778705389, 30.195415067867806",88
"120.28971974393437, 30.16492469597082",144
"120.23800204996115, 30.035715700224834",317
"120.24696264742319, 30.21717540646114",940
"116.7235246469334, 23.37777578062844",655
"120.19662888291865, 30.25004120906647",792
"120.29269538093617, 30.1473972884226",846
"120.24987324710607, 30.063420783240062",912
"120.23738392593974, 30.075298210510237",1758
"120.27546344325363, 30.161815009471468",1154
"120.27564869630743, 30.224831396806664",1600
"120.27215760172263, 30.233551385107347",1153
"120.43596558773923, 30.195166363130134",1592
"120.42266851025833, 30.198106610299924",1921
"120.52352585122166, 30.169675562748367",388
"120.40808595759266, 30.26714256368448",105
"120.40463296104285, 30.27073954348845",105
"120.40690800957742, 30.267310063878135",404
"120.26373850282202, 30.18056049984835",481
"120.11915748861878, 30.28283907202439",93
"120.23156694860987, 30.084355298714947",143
"120.19075594115552, 30.067109826927464",146
"120.25603346697129, 30.07080709235258",352
"120.25125967745727, 30.069338640821787",187
"120.34898742622727, 30.207240803541783",521
"120.26903498512256, 29.97479497853967",187
"120.19844597530424, 30.08902633615241",319
"120.2039718118183, 30.07471635123056",180
"120.20029396939935, 30.07956621884439",180
"120.20513727338695, 30.07551213883519",180
"120.383663905354, 30.23601043438961",659
"120.51656658860531, 30.201095305069753",240
"120.51309185306216, 30.20920442855787",2363
"120.5120921288601, 30.20769742050384",2097
"120.34842957850557, 30.199158516456762",1506
"120.44310487077979, 30.22262001722621",1221
"120.54566396170121, 30.199013762981973",2371
"120.50475566776012, 30.269973730443606",1547
"120.51463253684233, 30.36541394238187",615
"120.51265797150084, 30.344304987897477",60
"120.43275198960784, 30.196580077627516",180
"120.29271792840446, 30.01673500537285",1540
"120.39888632103444, 30.240058634902326",126
"120.29511667360775, 30.020191899944095",126
"120.22137019293557, 30.063132358402036",116
"120.45240511755514, 30.34862020760835",413
"120.43027104945038, 30.271335128364438",656
"120.47213388282637, 30.33670109114465",413
"120.46835345391818, 30.351748802862875",413
"120.4714564706413, 30.33977225363076",413
"120.49722059131187, 30.277506367405962",531
"120.17483347599115, 30.375008887752298",1018
"120.4757960048989, 30.348629791057757",413
"120.46702773464656, 30.30372974049803",1258
"120.46863237777904, 30.347116373448006",413
"120.47081768559316, 30.336315289591088",917
"120.47112724167191, 30.336257781572993",413
"110.05039480879458, 40.58222803832416",413
"120.56220661698967, 30.28799372856049",487
"120.2850879010638, 30.15936967756931",3511
"120.54968500623178, 30.28806667829975",932
"120.54718802682945, 30.286653068597676",2738
"120.57146383493108, 30.280468921926737",487
"120.55194751891295, 30.28225104254755",1879
"120.55517811837443, 30.286638368949166",487
"120.56669176657043, 30.287668388668592",487
"120.54873436993432, 30.28715702668847",487
"114.1904640859797, 22.845626916664397",91
"120.30105078997612, 30.241003539192317",1661
"120.47427077197352, 30.187969570519392",804
"120.58861922440789, 30.311834986448623",718
"120.56121327075674, 30.32141326023501",529
"120.5970694945097, 30.300021183926173",1602
"120.592401270266, 30.328065735326494",146
"120.59739099805172, 30.30799500946665",432
"120.49829002402151, 30.278668055712632",1951
"120.57735501229608, 30.321040958780024",146
"120.33601796076587, 30.200945482344334",746
"128.45295706120504, 45.02530896114458",902
"120.26705477727322, 30.05977247079065",690
"120.29712052370886, 30.144207771169988",1329
"120.28134168501929, 30.158735218849355",169
"120.28147096375842, 30.157852140823692",273
"120.23258302197222, 30.27621406153638",522
"120.38149494670014, 30.198101694094643",443
"120.40397629971507, 30.218344759169117",189
"120.4027324160754, 30.20491024467449",343
"120.46657498866952, 30.309801021832154",98
"120.52022520728636, 30.214312118265706",263
"120.33018077156203, 30.22087791845211",2140
"120.27093689436514, 30.167408426953497",573
"120.47835357051636, 30.230635922431453",547
"120.34122723441823, 30.193205888947933",380
"120.34005907793305, 30.19164466871526",380
"120.34267503340867, 30.192635110573136",1009
"120.34012528304915, 30.19189490421728",742
"120.34275624022676, 30.193806162517628",1322
"120.27861596918663, 30.18607513348667",669
"120.29784608506927, 30.175475940220977",669
"120.25407417282348, 30.20745764224633",646
"120.39373270728977, 30.230027692971987",107
"120.20572503468213, 30.34068914971759",220
"118.73691135464189, 32.01709401628326",147
"120.2580635475933, 30.113056741157447",73
"120.51386928348103, 30.22183400702645",110
"120.27884796736424, 30.146380693515866",172
"120.2735947108775, 30.160127383212775",172
"120.28938352165656, 30.163861489523303",239
"120.41191381703177, 30.254453273039864",2387
"120.3442889290879, 30.189076215642935",7810
"120.30875106480765, 30.445350192395583",733
"120.34247399263552, 30.18290467479898",245
"120.32737338448733, 30.194391438487475",245
"120.48678596433852, 30.30913076678484",763
"120.51699786508065, 30.31358262645205",377
"120.29163026009299, 30.16308937347157",240
"120.2365517357153, 30.010278859652484",668
"120.21512831709948, 30.010733425981844",243
"120.23337317149878, 30.01774555257031",587
"120.21577976825532, 30.02503015959765",869
"120.1806254636402, 29.954894507292433",243
"120.23718315465825, 30.024576363023282",722
"119.45521719127755, 30.0276950483873",700
"120.14440470752324, 29.99314818593134",1018
"120.14647323562038, 29.993575696816603",461
"120.1176228067187, 29.965609111550904",1024
"119.68812598119095, 30.1663310428306",1132
"120.61863565387104, 30.349442277126315",1751
"120.66741804475984, 30.363203951702147",932
"120.64612829400392, 30.364348488404776",781
"119.08539072521015, 29.61227527983025",781
"120.4674919789341, 30.326383975117782",1285
"120.26416762336414, 30.241186996514745",781
"120.27673886999297, 30.226571883559497",1285
"120.5483989426569, 30.28478284977984",3167
"120.51338119726692, 30.315992497270077",781
"120.60264204291029, 30.347058014768823",781
"120.53969436226521, 30.186171986828843",1221
"120.591303900255, 30.29949468602785",781
"120.57317870014964, 30.32558298565019",1730
"120.27041996715433, 30.269787413088803",1019
"120.22527395919028, 30.19109725436644",1083
"120.54540363276443, 30.28301769443426",2650
"120.28189532328135, 30.235637259484783",781
"120.61291524438352, 30.33835610082618",1709
"120.38908077740972, 30.172893987053694",781
"120.64728791658675, 30.263678254970177",1128
"120.21969575146495, 30.18617144051694",781
"120.20498572924743, 30.191604517036634",781
"120.5545478438727, 30.30092956927762",1309
"120.52789700583321, 30.3007620490965",893
"120.5677346992675, 30.290111490760776",323
"120.57089161432124, 30.290260162730636",323
"120.24600379612184, 30.20419681784425",323
"119.63753744063553, 29.80522694216677",2169
"119.53789326129633, 29.925059378168037",323
"120.43925778760276, 30.209859221520322",1454
"120.5650227149329, 30.220900387277787",104
"120.5077830471593, 30.197958733858062",133
"120.25685128430756, 30.042743315231817",133
"120.27212291006214, 30.260785188881464",439
"120.38258009975621, 30.197519941385732",405
"120.53543100431486, 30.201371540115925",1940
"120.43578682494275, 30.252131487442817",978
"120.42171989963981, 30.24968953623647",507
"120.25804073063333, 30.005936292551276",301
"120.25823593242065, 30.005567086132018",301
"120.25340366077914, 29.977367846758565",511
"120.55280558033608, 30.188856682598423",1116
"120.25562195321716, 30.051942132216734",1175
"120.26571926647152, 30.18829243436121",992
"120.27357701425895, 30.191890690058525",1183
"120.52730502250215, 30.167392112502142",1186
"120.25157535638635, 30.039161765190013",118
"120.24943029265908, 30.03829134975615",118
"119.90521534158196, 30.060831258856933",118
"120.24889696867783, 30.038047794629307",118
"120.24562785526591, 30.037170256428222",118
"120.19662591851046, 30.043121760886",300
"120.46497753198113, 30.1908573572244",1513
"120.47946746934873, 30.19427579675043",1101
"120.29863857019018, 30.285817446681342",479
"120.27475568091859, 30.262945841018485",672
"120.46262334273115, 30.223801318778044",2252
"120.52191105723693, 30.166686529386386",188
"120.47116721626709, 30.221968586715796",311
"120.47311213752674, 30.227194184910154",743
"120.53366736110712, 30.171675850294246",536
"120.53237856219195, 30.167218039478218",140
"120.42866730462342, 30.210585324966722",1226
"120.39119188518872, 30.252489624731968",545
"120.39520084301863, 30.25313640547989",545
"120.57679078660526, 30.191780341466195",508
"120.6068780025426, 30.202346159772507",333
"120.61956270515735, 30.22495475518294",993
"120.6072642739119, 30.205242493951904",613
"120.60701229921634, 30.20937117022443",435
"120.4705697532724, 30.219801203128704",552
"120.2654560629571, 30.14788596220241",971
"120.26438941589285, 30.17930438039028",475
"120.29567667726268, 30.415405885039377",1091
"120.25981596198216, 30.18269293259439",971
"120.26694577867924, 30.176904877719306",475
"119.6571839893868, 29.718019788503746",1160
"120.25181080226054, 30.174022034008512",1118
"120.26015516214272, 30.173501800855032",1628
"120.53841230064137, 30.19853954753208",500
"120.51193474573476, 30.18302713073329",300
"120.05325842522065, 30.258307065190422",250
"120.2418282026198, 30.112227361773847",390
"120.25048975417755, 30.133524538496818",270
"120.26130139997345, 30.139042766903344",270
"120.51780705868404, 30.218390322134287",144
"120.27332252340966, 30.164544526944013",118
"120.30819528318862, 30.19058920864673",723
"120.2813375653902, 30.03286038018141",1404
"120.26158597507425, 30.155847962928764",1620
"120.27310782929109, 30.07031717382955",1247
"120.27908901686818, 30.073014195705344",1247
"120.26298203975206, 30.0647563878136",2326
"120.27997303932054, 30.075358216749336",1247
"120.26735508080519, 30.266240100737292",1247
"120.58330350155259, 30.169040482780833",225
"120.5869097490224, 30.212450963109188",898
"120.49319007414971, 30.182410088622703",541
"120.32103422485943, 30.040008568195173",185
"120.30605057878356, 30.015879323475883",185
"120.16422599825546, 29.93717262727826",120
"120.44753693050491, 30.318949045383125",504
"120.44610709762468, 30.316469881374072",1370
"120.20548204304168, 30.208518108426738",734
"120.27459021304365, 30.214576690591947",504
"120.47861560623363, 30.309286970375105",955
"120.44639886725432, 30.332717466173115",2318
"120.45234502091651, 30.305362006142627",504
"120.46939099678221, 30.338531971703873",504
"120.45551523089178, 30.336306795861557",736
"120.44735466431695, 30.327038758440352",504
"120.4475494169515, 30.32038800544617",504
"120.46598210703294, 30.336560594412504",504
"120.10790504430915, 30.293122696946313",674
"120.46245095790377, 30.298601020635818",146
"120.46620749188538, 30.293683375174595",146
"120.46361597031967, 30.29669532810589",146
"120.46386048907948, 30.29473307897557",146
"120.44503541915128, 30.304534184303794",146
"120.46374882970458, 30.297573575903247",146
"120.09890581971018, 30.297651297254465",146
"120.21045892505862, 30.31656013593326",438
"120.46469402676219, 30.293474836306277",146
"120.46518701682606, 30.297793019678554",146
"120.45388902842707, 30.286943016339738",146
"120.33471398048758, 30.1671281146375",589
"120.33437131107114, 30.184790052306525",679
"120.33241701329857, 30.165686105417766",597
"120.20414410681514, 30.413391458120607",589
"120.29147727866462, 30.18116834393109",491
"120.27375875673482, 30.22179595557378",498
"121.66048930637687, 30.964795553515252",449
"120.24605266394157, 30.243497031565536",201
"120.26198860368858, 30.22370653120854",449
"120.28183271138731, 30.217948891002663",2658
"120.29581160275026, 30.22865205671587",633
"120.27430113833054, 30.221452588245835",449
"120.27174914220726, 30.222096922771836",201
"120.27463944018561, 30.225393190056344",449
"120.28944683872042, 30.170604367563566",145
"120.28077603461591, 30.171339974078748",1652
"120.28556669790063, 30.16632128527622",475
"120.30975204663743, 30.432643276656453",290
"120.32907957207466, 30.20591282363005",290
"120.31895797133421, 30.213115331077425",290
"120.2641324996187, 30.1223388433845",92
"118.14760982483591, 30.27865098018807",649
"120.43204457401873, 30.28438709600888",265
"120.54004380310859, 30.254331764775184",638
"120.134218012874, 29.91369493815548",320
"120.27151908571699, 30.166420986203555",565
"120.27052145142271, 30.168822839784486",213
"120.27170507672876, 30.164544075824523",318
"119.49690456902566, 29.515113225406306",213
"120.35653903149691, 30.236548274884065",936
"120.34592458352319, 30.199258955655335",395
"120.31821516250801, 30.145002368977682",2111
"120.48744702736332, 30.19471507205322",380
"120.25614791109327, 30.201780428972942",444
"120.2591768176118, 30.185908039783026",444
"120.25871329196866, 30.199249972449675",444
"120.25706579966335, 30.18724665444381",520
"120.1984794919811, 30.1171440813442",288
"120.18280382637427, 30.250358914620627",453
"120.24746722562814, 30.306872412031073",941
"120.33839308053425, 30.225948095989693",605
"120.34642797416824, 30.20054306672761",170
"120.5653477218664, 30.19903600274814",515
"120.58420342401249, 30.186033769822107",410
"120.56806626383124, 30.18480237329637",220
"120.55960799881039, 30.177860355699135",220
"120.42168702165814, 30.250661098552595",789
"120.36848263206592, 30.214487199531657",789
"120.27072228917879, 30.189912122401825",2111
"120.49131701733086, 30.26551534822389",816
"120.3689085187082, 30.21541214457945",789
"120.271294240297, 30.116681903293543",310
"120.26955485133801, 30.122998124187376",310
"120.27107343680264, 30.142604814188548",730
"120.39962814172458, 30.250001978383533",345
"120.44981709938088, 30.266420937110166",1119
"120.19857432636803, 29.977007605462074",132
"120.3606719554872, 30.312962982474648",258
"120.29052266467038, 30.247829699298695",604
"120.29025198994903, 30.242961101456032",258
"120.29051752905777, 30.242789425359295",258
"120.2895346929993, 30.243473709970342",258
"120.29062572097338, 30.24230997867031",604
"120.52022098525045, 30.166268906707657",258
"120.29169152452876, 30.24268342438321",451
"119.95760397994057, 30.25917505396341",346
"119.87731307413654, 30.27311920994603",1459
"119.7317324255618, 30.235498566607337",346
"120.33371838849087, 30.316075114115765",346
"120.2751461743238, 30.214676168352355",346
"119.17996962927188, 29.56596486562434",346
"119.2931405828064, 29.477164299331708",346
"120.30113603916901, 30.239655288861773",830
"120.29166682112724, 30.258947802305677",346
"120.24631155558956, 30.211683052643586",346
"120.19969003860501, 30.343483965647945",346
"120.28862785358697, 30.26484346179004",346
"120.29095850723262, 30.260416662169618",346
"120.4102630009961, 30.25107804766297",646
"120.35754558282083, 30.31971564129044",346
"120.28776862436668, 30.246159166614362",841
"120.1899264458476, 30.06524031727356",346
"120.18942129991356, 30.257806336255936",346
"120.28369130548745, 30.319365779391763",346
"120.3362872619781, 30.231032861327645",346
"120.12720765344645, 30.28781090529504",346
"120.28620009311571, 30.230632568046722",538
"120.48729862729307, 30.275147939139575",151
"120.27202336164214, 30.071892083758765",151
"120.25066995426286, 30.048547316740887",395
"120.22067059260438, 30.083065900011015",134
"120.5123964747669, 30.264172350532696",349
"120.54967600521057, 30.286527174094466",445
"119.84553174383792, 30.47644865235166",445
"120.55202540200067, 30.283315059865103",445
"120.55595908182887, 30.284850679756016",445
"120.55544866463809, 30.284389902778894",445
"120.2605856301431, 30.082863472872603",71
"120.2734154090977, 30.06723766335881",302
"119.96623301283886, 30.256516472676356",606
"120.29553285855053, 30.208494154237524",606
"120.38491704154042, 30.254647077627933",606
"120.4044108999208, 30.25042758755171",314
"120.379334252457, 30.241359611443162",606
"120.37735277016309, 30.247723373894527",606
"120.38719496465262, 30.25464310015335",606
"120.37618748825554, 30.2452878637837",1239
"120.38457227188569, 30.24976277226664",606
"120.31643885319258, 30.172230827981917",606
"120.26638796509314, 30.188444149560876",606
"120.38093620067295, 30.22944877505572",606
"120.61238425599656, 30.296306794857195",743
"120.28010032921132, 30.21941758969914",222
"120.31107902353675, 30.208522633973224",360
"120.31842374904744, 30.264590099509082",526
"120.31680042116035, 30.24310196766806",1995
"120.58612966051753, 30.34915298362547",1715
"120.23046158367985, 30.22438853156565",526
"120.56122602669497, 30.293499549160046",738
"119.47471166191731, 29.935494924022727",985
"100.31839824092819, 30.94546952526588",210
"120.19529418059192, 30.104526192687754",85
"120.19986718445156, 30.105237458141985",85
"120.19374801714815, 30.084090842112385",125
"120.19602171822444, 30.08364856907542",125
"120.1928395607859, 30.083924980191853",125
"120.19542245861875, 30.084629676568",125
"120.19211166383117, 30.084180452745763",125
"120.19351311025729, 30.084613192043303",125
"120.21817707616978, 30.08624811525269",125
"120.1971519662171, 30.085692805361155",125
"120.19497555162754, 30.084250063041683",125
"120.19759240540864, 30.082804330630815",125
"120.19574504012739, 30.0952991911206",125
"120.21001929434203, 30.09041424521958",125
"120.57267654736955, 30.28311983106401",1162
"120.35688559776266, 30.17772173665619",2036
"120.31849103213014, 30.20472008646416",2605
"120.24894799243079, 30.03792468806906",668
"120.24693408130796, 30.178087952754577",480
"120.52249306937684, 30.343222081696187",642
"120.5707631566333, 30.32070739042629",383
"119.22066942649064, 29.3739263034017",1272
"120.56087317229064, 30.289638030999306",234
"120.31384975705174, 30.233180775001482",234
"119.55230612404642, 29.556736965078894",234
"120.3414056378925, 30.18730198740853",570
"120.25548233972854, 29.962797043718346",650
"120.24895410090825, 30.06491712486201",656
"120.28838306533551, 30.162963769985254",426
"119.06861307320581, 29.619113963066663",585
"120.34632455854302, 30.19715710097023",209
"120.34555728616286, 30.197833062975032",209
"120.27073396715042, 30.189934130119955",2041
"120.33944050475888, 30.203030494571113",874
"120.61157497256262, 30.33796469541906",251
"120.65141392362463, 30.28483165618128",290
"120.27620204262021, 30.216351124515082",344
"120.6422280311407, 30.288398745187173",120
"120.23954972884633, 30.361847026785956",666
"120.1856460931338, 29.960426083464792",483
"120.18714922774315, 29.95550719520017",123
"120.27535080831896, 30.252353373614714",189
"120.2590466531434, 30.46574341124468",129
"120.45755240812731, 30.178123700117638",129
"120.46039689252466, 30.18382219302436",1062
"120.31564340366351, 30.423498440585306",129
"120.22471503350197, 30.089056022581786",89
"120.27058538741908, 30.234898471918953",515
"120.33680316961214, 30.31580536206036",126
"120.30854391555705, 30.412721997577272",126
"120.46658054558742, 30.189793016389018",785
"120.37226548639899, 30.18463449695398",225
"120.24659164724756, 30.04462857287282",611
"120.3102699835436, 30.194413455417425",127
"120.29647482170829, 30.169738789510046",645
"120.3271844735335, 30.243974070058634",403
"120.31349816027513, 30.238990945973626",272
"120.30058250331378, 30.26364885558119",272
"120.48981406238211, 30.2507018888269",238
"120.2714659963105, 30.235079834606076",73
"119.22833390235205, 30.170267368942675",111
"120.46764001968216, 30.288606047557785",111
"120.47891986230985, 30.312493453383805",111
"118.9576614896472, 30.294423431177016",214
"120.31409587592972, 29.942766303751405",87
"120.2661669819377, 30.175374939437507",185
"120.26602154627562, 30.36806993091633",185
"120.26090156419096, 30.149857106401775",120
"120.25914268200242, 30.150420171618006",240
"120.3029492688409, 30.095270912694467",427
"120.22617289351412, 30.107590158696137",265
"120.23263701013336, 30.025742784057506",124
"120.23961289140163, 30.0349383491583",124
"120.41465203188729, 30.166741639834427",124
"120.24915720778405, 30.025861137377447",293
"120.46601956637271, 30.18119074386536",384
"120.45210782244831, 30.26623124809028",124
"120.33297863390341, 30.231845521628795",649
"120.2452010703181, 30.195810325268308",129
"120.21578390046066, 30.08202032144785",69
"120.2956830552318, 30.163400844440034",125
"120.29537125338928, 30.163561887811603",125
"120.28814178047554, 30.154510963096605",125
"120.28415702748757, 30.18373118927583",450
"120.30155375123115, 30.19466231854177",450
"120.35990300597068, 30.236745079299684",625
"120.47725575135262, 30.26063689175412",235
"120.2225435595927, 30.12497562754527",770
"120.48143547706, 30.296865505802796",234
"119.61550820479106, 29.540654414544726",622
"82.61582303052585, 41.55399962847732",193
"120.64662577559535, 30.293022987561926",519
"120.48702410512921, 30.311399981160566",70
"123.4327495995516, 41.817829040653784",70
"120.46979469527838, 30.181333884787282",200
"120.46455453069615, 30.184429893544248",465
"120.54683499276403, 30.180839836986998",195
"120.53727396789913, 30.174127485281815",105
"120.27609478494232, 30.21612650354949",64
"129.4893679801412, 44.34698357750037",64
"120.46772706548607, 30.28465638962881",80
"120.35399458113989, 30.172846295326423",264
"120.35472948487761, 30.17343685932738",134
"120.23858999091743, 30.168713261990373",180
"120.52716381785903, 30.167053645487993",94
"120.28254497782616, 30.163479063309047",180
"120.54409156773656, 30.28139121260875",174
"120.5430692960662, 30.284711043512065",174
"120.2559857669487, 30.021409265738193",169
"120.24629197252943, 30.013442797809272",169
"120.23563779968943, 30.031646439480223",266
"120.24592088252327, 30.03622525461044",169
"120.25477763586834, 30.038591962856163",169
"120.20944940932651, 30.09866801498496",141
"120.48314207786785, 30.236555841291867",113
"119.93706602106595, 30.050189172283886",1649
"120.16777637112138, 29.941253234387222",97
"120.33707005617914, 30.166994007820062",300
"120.16934303271418, 30.218127242527917",120
"120.30641906370374, 30.150123961619176",120
"120.2830444356897, 30.1885969571211",965
"120.28356913593808, 30.155403766208916",1500
"108.27949435764451, 22.78704575358756",408
"120.32611872387646, 30.194258706411738",408
"120.2717719591672, 30.16401113730541",1786
"120.32315458518518, 30.19448790399224",408
"120.15919783977613, 30.227568250311542",408
"120.31995464129754, 30.192989018531694",408
"120.30812503569774, 30.19402529422585",408
"120.31527950010143, 30.194246064241458",408
"120.31322669235, 30.192105221723917",408
"120.33013388001442, 30.19458950928454",408
"120.3111053438882, 30.19179056471444",408
"120.32862472675765, 30.194459264078887",408
"119.90991940821552, 30.289166050207474",103
"120.49616445352379, 30.260545493417702",103
"120.50070009595898, 30.26618910622298",272
"120.49157635813158, 30.25956357976082",103
"120.50163989509876, 30.26518385051852",2753
"120.49782842434537, 30.261032526320864",103
"120.44779667464482, 30.264693245876565",103
"120.497866383143, 30.25955585917097",103
"120.51517897608406, 30.253347916591466",103
"120.51623870709417, 30.25651779847569",273
"120.29505091764442, 30.17781625675695",416
"119.2766809309525, 29.478859424347256",148
"120.51657215809948, 30.31476243323213",148
"120.51335245149062, 30.318588269348446",148
"120.52005946991977, 30.313361347755173",148
"120.51533859688841, 30.31206005793349",148
"120.52095076864676, 30.313103981055807",148
"120.51139486412328, 30.31678132939423",148
"120.51466801990998, 30.31720898424317",148
"120.51916296102081, 30.313731963955906",148
"120.51340617016011, 30.316766287007823",148
"120.36386498242243, 30.17650514317008",569
"120.27783722814002, 30.218609788652454",569
"119.94676592396269, 30.288564025789192",749
"120.4806976089141, 30.23727144920142",569
"120.18165044701472, 30.270660319040307",569
"120.31846381347317, 30.1575905372446",220
"120.41929528323783, 30.220270009923386",533
"120.41859918629814, 30.230667438040438",430
"120.51133018612656, 30.190785091411396",267
"120.5303265629155, 30.267653095263967",235
"120.55449798791689, 30.271045601896464",995
"100.62662348005355, 36.28870331786534",235
"120.2584299664108, 30.19579612256223",183
"120.20042009149296, 30.265665227549256",1102
"120.36319080413719, 30.19187828170112",357
"120.36350979242378, 30.192987847945197",357
"120.34620519440178, 30.195658231346737",357
"120.36200971205267, 30.193482848702434",357
"120.27817723677556, 30.276965790482237",357
"120.170868175809, 30.285969243807543",484
"120.43253729459096, 30.235302773738606",304
"119.65054301797413, 29.76463199186437",304
"120.3286931776375, 30.21992252046377",243
"120.35212421923758, 30.218039861244023",243
"120.17438090967522, 30.180230585969362",1023
"120.20839920035479, 30.24941180037497",468
"120.36085826404998, 30.193483394973367",243
"120.35124423916, 30.216965845238235",243
"120.20566709397674, 30.24495036930949",243
"120.16785903201168, 30.275975075853815",350
"119.36643579159669, 29.85435463490303",1018
"120.25569732104945, 30.31618477617868",536
"120.41519290163485, 30.162836917325706",404
"120.30800259665673, 30.195351077377797",404
"120.62501353316134, 30.284023696573307",404
"120.3069465486992, 30.19639716054533",775
"120.30902684459922, 30.19641409443639",404
"120.309836756847, 30.196362824536013",404
"120.30925734979307, 30.422669292543006",404
"120.29445695804122, 30.218815445417192",404
"120.30441305766942, 30.19509620752145",775
"120.40452390675395, 30.223232591976853",404
"120.30359020982226, 30.216979732779244",404
"119.66778376308693, 30.19600744612909",558
"120.29961332149905, 30.19632037272595",452
"120.22396270263735, 30.08257479276754",877
"120.31172400689292, 30.196088136026",371
"120.33022972921232, 30.195689992385365",371
"120.30399480662396, 30.194519665412198",371
"120.3086603287647, 30.19174320749795",371
"120.27167072013623, 30.038774237433305",371
"120.30029874746756, 30.19266681781313",371
"120.30132459349556, 30.1926301940919",371
"120.30492221723247, 30.193728592272098",371
"120.30796235256989, 30.194444358834552",371
"120.46815699450316, 30.293845060702928",371
"120.30553800565956, 30.193968326272167",371
"120.1569714794002, 30.27789739297574",371
"120.30083986784237, 30.19316476242532",371
"120.3296334340148, 30.194560557249673",371
"120.4803692782502, 30.236554203203628",371
"120.22159270321038, 30.25987404054758",371
"120.31643597861495, 30.19693061571827",371
"120.32617962899003, 30.167527389664613",325
"120.24502203802997, 30.007744304963897",93
"120.25122501723747, 30.172976101069576",207
"120.2428503844596, 30.167487267086646",355
"120.28449852281871, 30.16239211205134",256
"120.2857001860994, 30.161649646502998",125
"120.30142960540967, 30.1674698598152",675
"120.29508002274295, 30.16880810305283",615
"120.28978594905044, 30.185856842402234",308
"120.0977981922561, 29.839606615720033",137
"120.29223904173709, 30.19724307113722",81
"120.15828442595333, 29.928897522103366",121
"120.60337721613966, 30.346212082677162",414
"120.57327185443101, 30.32520407589302",564
"120.15730545260887, 29.92615733625922",540
"120.46339319055319, 30.19048697485628",120
"120.46455335211932, 30.190154128986688",120
"120.5060347649758, 30.282744497913583",150
"120.49716929806726, 30.276265523303028",300
"119.68646251521706, 30.298293862729096",981
"120.47377882663893, 30.236923877053293",866
"120.47552291732895, 30.23509161084419",981
"120.20074563740978, 30.038352160280777",121
"120.19769265630356, 30.03705269838523",121
"120.56512655904984, 30.168081063944072",656
"120.42166519283425, 30.266936229250256",630
"120.27208034744878, 30.107418244211228",280
"120.27788753324859, 30.142340202734978",100
"120.47618459838793, 30.236638524539817",541
"120.47650043362219, 30.23715534073266",541
"120.47587514561434, 30.240539980309585",541
"120.47785312451676, 30.235821272958034",541
"120.47902029286585, 30.239773773397143",541
"120.4770880377139, 30.241243078849973",541
"120.26226213771636, 30.238335412863744",164
"120.34019984240646, 30.19275341820566",1009
"120.34182651827818, 30.194647994163606",164
"120.17951760024238, 30.27636844675453",150
"120.27405393633218, 30.15347639221859",427
"120.27151091158599, 30.15179877765525",642
"120.27595132555237, 30.159324711543658",282
"120.27219874411499, 30.154465916763105",642
"120.27267709179905, 30.180795661342994",810
"120.21982663457777, 30.00814329232244",119
"119.9579342868766, 30.269319497841327",179
"120.3766110393035, 30.21082610984914",179
"120.38032885991088, 30.201575203968442",407
"120.37593407537288, 30.20550306983787",407
"120.3766730223837, 30.20938412253661",179
"120.10383922374042, 30.326679493203816",179
"120.37634460188924, 30.208537927197728",179
"120.33124822799952, 30.19621400901034",179
"120.386221560802, 30.213575353500566",179
"120.38583473607652, 30.208425026393797",407
"120.38124860078693, 30.207002403147243",179
"120.6064605599721, 30.318471907295184",179
"120.38610397261074, 30.216100132592835",179
"120.38408395301046, 30.21028196325661",291
"120.2890217605531, 30.167064495885032",179
"120.38592467891571, 30.20954307192299",378
"120.37695841404421, 30.214518408280416",179
"120.38112585632206, 30.216733421419598",179
"120.37748464141195, 30.216327640374466",179
"120.37872316935417, 30.20288424732229",179
"120.38142011515625, 30.204471485373357",407
"120.46623659698392, 30.296352789042814",541
"120.58938152646365, 30.163012169110377",245
"120.41308394978907, 30.262520130671575",245
"120.42173508100292, 30.249850515041675",340
"120.41904205091457, 30.262976566331357",558
"120.42172798438939, 30.25335704150738",340
"120.40692031636291, 30.260317309141367",245
"120.22851594377579, 30.337954721300832",340
"120.42091411959734, 30.253416938370133",435
"120.44086988667095, 30.27098789923849",245
"120.43549496548256, 30.252062074793002",340
"120.40298096014222, 30.257804117443154",245
"120.43647618459111, 30.252071745771904",340
"120.53311499304903, 30.68531287985719",340
"120.41840164891649, 30.26276835145765",245
"105.77658344485114, 26.063829083031695",111
"120.24418955855116, 30.156983540232982",755
"120.5520147121651, 30.217952245824396",340
"120.54774129319303, 30.21865433725253",340
"120.03284407318421, 30.25169582475523",190
"120.31029094011286, 30.194901347907432",190
"120.53638822159849, 30.174981474355743",419
"120.55107795917931, 30.21598107309611",340
"119.23566097765008, 29.603821024204226",509
"120.5240599836779, 30.229088056623006",170
"120.51750298226891, 30.227412071355232",170
"120.5343020139499, 30.220869102557298",170
"120.56745251455767, 30.33301940233037",170
"120.5161517511208, 30.22620210501726",255
"120.51558919448162, 30.226242439343103",255
"120.52776387695663, 30.226606442959078",170
"120.51715994185228, 30.231503951637784",170
"120.53545903144676, 30.22504408059755",170
"120.53459414290177, 30.22226855735446",170
"120.51548018331138, 30.228864895513887",255
"120.51536791308875, 30.22577653872885",255
"120.06961737703232, 30.15297008563593",374
"120.54956314659782, 30.22337886976362",224
"120.55593141401916, 30.230428184387197",224
"120.55519902553688, 30.226888066502905",224
"120.27522576419197, 30.20971807312346",224
"120.55210202746068, 30.22925008364492",224
"120.55690598566693, 30.232120109318284",1167
"120.26528484592689, 30.1885193046881",309
"120.47417698887828, 30.236367070942183",90
"119.7286891946636, 30.23848450350881",90
"120.30219100915993, 30.151805647995644",480
"120.2191301783159, 30.052662845215387",299
"119.71186190588448, 30.26187815375961",484
"120.28162619095056, 30.158953272643696",244
"120.28256078800314, 30.159105501871977",104
"120.28107642797845, 30.159397234862986",104
"120.44143896321152, 30.200010099527287",98
"120.4422273161271, 30.201698261178155",98
"120.18320460537754, 30.06982225205561",188
"120.30229197869924, 30.21627006129477",121
"120.55372697229767, 30.242223617487646",696
"120.46165949146132, 30.187302203784544",134
"120.18002092081963, 30.144445128370133",140
"120.16978194478635, 30.141525828966",140
"120.27176482662145, 30.16921130229153",105
"120.41020829419054, 30.264111524509985",95
"120.60094729973517, 30.16974706362644",229
"120.57447073296464, 30.170498834425263",229
"120.08122249608518, 30.44901029829591",229
"120.31910430530179, 30.172286169465725",229
"120.60079925898714, 30.171611610057077",229
"120.58956999095965, 30.16780910590019",229
"120.60269109039115, 30.176168503054615",229
"120.21357802145036, 30.287085923848963",229
"120.58601485707337, 30.159121193178933",229
"120.6014359779326, 30.16439512493824",229
"120.26222977176884, 30.175086778710146",981
"120.25119106128919, 30.17852628632806",1002
"120.18957134567951, 30.48420440823146",335
"120.43185530104778, 30.162340980392013",335
"120.4141704170661, 30.13902371163122",335
"120.33209236568726, 30.14036703288081",180
"120.41856325407774, 30.183133899070615",221
"120.56655001396096, 30.336583659891097",689
"120.58421034096492, 30.36148462835702",109
"120.5071029400577, 30.242198891593016",109
"120.55608574290576, 30.23039900897484",946
"120.4605986519422, 30.23351565807378",187
"120.50104683380108, 30.230572891182863",187
"120.5620479762366, 30.22677011236431",391
"120.26970495818874, 30.211060184018518",297
"120.46809923345887, 30.237200075856116",187
"120.18717511573165, 30.071642370436827",420
"120.25525715134957, 30.045566146985713",148
"120.29111696832457, 30.18351008482475",633
"120.27532457779806, 30.167609352078056",633
"120.29548057716984, 30.186771445221314",813
"120.26684852632812, 30.14691563903399",633
"120.25483836132081, 30.04610886668407",130
"120.2543835788852, 30.167214170057743",150
"120.25148043334143, 30.16425278927503",150
"120.25370186830824, 30.16802903579051",150
"120.25412290410078, 30.167546078193766",150
"120.24850547995013, 30.169272516548446",613
"120.28670368318461, 30.23125180110991",74
"120.47401825829465, 30.302138761749198",74
"120.29876109906172, 30.228742002821875",225
"120.2946390445681, 30.231682094781107",225
"120.10193104317614, 30.316364038701135",562
"120.30245385335215, 30.229154833319498",225
"120.29550276531594, 30.231505718290602",225
"120.30037301846885, 30.231351495860757",225
"120.30272082974972, 30.227111492468943",225
"120.30347387925873, 30.227850027095425",225
"120.28416908274751, 30.26101335700866",225
"120.28645989564548, 30.228697001305427",151
"120.2921576741223, 30.257960177120168",151
"120.2959435638297, 30.231051163164082",151
"120.29855777389768, 30.228715468105165",151
"120.26330399244684, 30.211531061518805",660
"120.26345903997786, 30.198268142621185",660
"120.2652809832132, 30.199988094083878",660
"120.26674373980177, 30.19997423862399",660
"120.26440899805466, 30.2148950970892",660
"119.67879966693391, 29.80143311545095",660
"120.26407608603267, 30.214815593089494",660
"120.26515926281661, 30.198047147609902",660
"120.27295430887945, 30.21268027395112",660
"120.26402686248395, 30.214857340265524",660
"120.42319618030473, 30.164958921897924",734
"120.42302747314014, 30.28239068232794",375
"120.41355807543725, 30.284172065998614",520
"120.4189064966131, 30.28204731312764",520
"120.4163180292861, 30.279457658997476",520
"120.41803037924922, 30.281360259212768",520
"120.4156351374374, 30.28022238370029",520
"120.10847670917188, 29.910187496522827",91
"120.28308899164301, 30.168736289252696",151
"120.27187939650621, 30.17435431050638",81
"120.27730641941417, 30.15229219178138",81
"119.95657101484143, 30.05179165672431",90
"120.27685749932031, 30.167667695223784",90
"120.2763833179772, 30.16758362556702",90
"120.2777720929058, 30.167150591874396",90
"120.29299514548484, 30.004451483208058",90
"120.2736531905662, 30.168096675749073",439
"120.19969370313866, 30.4821270982556",90
"120.32350770908116, 30.42962410591411",329
"120.27717168526564, 30.16748076582239",90
"120.52967295582644, 30.166906970991846",254
"120.22641357201786, 30.19544364897249",265
"120.46193576711752, 30.184822951123046",90
"120.45776920158586, 30.180825439865842",336
"120.30881041046287, 30.425871425362004",90
"119.75292758474752, 30.016569811266837",230
"120.20764309660704, 30.205734857519133",230
"120.44604322810292, 30.30014154371985",230
"120.45098669315489, 30.26760630769455",745
"120.25166599541232, 30.41640296099521",407
"120.44585817716786, 30.300939313346273",230
"120.42595689950988, 30.32103542319138",230
"120.16220437848747, 30.31648593702718",230
"120.21451001341697, 30.215117068167817",230
"120.17574667658657, 29.944803070116254",120
"120.26660292960169, 30.239842336798382",99
"120.43396012068821, 30.264206272721133",119
"120.53117141924763, 30.25450396643018",552
"120.51993792918425, 30.25727459298306",410
"120.37406101945233, 30.195679223287442",228
"120.37439357215213, 30.19689706025658",228
"120.37522001322131, 30.19834071502618",228
"120.40053235628818, 30.205380409997712",228
"120.37580498976939, 30.203445072710707",228
"113.94256006193123, 22.754465883635365",733
"120.12809524576491, 30.31092781652833",228
"120.40224939720268, 30.182195535625766",228
"120.27473510972241, 30.214592997149442",763
"120.3810759770103, 30.1981820701181",228
"120.48797711744474, 30.269979968635546",228
"120.37534730311206, 30.200129100509226",228
"120.39284395885211, 30.196299146813978",228
"120.23444287370006, 30.070372260484305",228
"120.39274436731344, 30.209594805228868",228
"120.39223784427705, 30.19939581484984",228
"120.40588318492283, 30.216745713639256",228
"120.38072267345323, 30.197788851251882",228
"120.38470565677933, 30.199634171193367",328
"120.39197035674366, 30.195842008220556",228
"120.3786672534294, 30.19741597022268",328
"120.59279589587652, 30.323749990112546",145
"120.52496197224048, 30.286443033311933",774
"120.49769247119627, 30.272205340080777",1314
"120.50039268772872, 30.26071869787143",701
"120.64103849498439, 30.243204536237872",170
"120.62620639304805, 30.292270447365198",1169
"120.47198314716181, 30.302933163070282",15
"120.62625231981553, 30.270759249000356",75
"120.28242020319084, 30.167930253779137",480
"120.41766216382068, 30.194545261831554",212
"120.28087772279964, 30.319784927669556",145
"120.19345786446841, 30.088326124419527",495
"120.26021427064528, 30.16278078985019",1066
"120.23342967491537, 30.149313946821",712
"120.26270694626591, 30.173996838630522",397
"120.27344900572378, 30.208375319524485",505
"120.1812109791714, 29.949641991394415",505
"120.20191100914786, 30.262718052292072",535
"120.334013661512, 30.22703223247822",535
"119.40019274489156, 30.18975463440157",286
"120.45085518122822, 30.284179394803026",286
"120.45560488178168, 30.295205500451345",707
"120.18127387734494, 30.002993939999815",195
"119.72293961493257, 29.80877054681642",570
"120.53624810300673, 30.36569103483787",1120
"120.47376502597139, 30.238358891696073",300
"120.31799885054122, 30.246612013253465",300
"120.53368002721481, 30.379213070906474",300
"120.23159290963912, 30.0327209301909",239
"120.59717599042452, 30.201427989041417",178
"120.33749845807687, 30.01121746566122",180
"120.47788734995669, 30.183337835635687",145
"120.4777270922537, 30.19399087934274",145
"120.47715469198275, 30.19148956374281",145
"120.47478011119766, 30.18787732351108",145
"120.47752317690295, 30.192176628121143",145
"120.47528388092766, 30.18289257748673",145
"120.47857413416314, 30.192879387114075",145
"120.47770409563265, 30.181006861325873",145
"120.4777219719123, 30.18309510971012",145
"120.53425557155504, 30.19399181580231",145
"120.40462083391847, 30.192441104474483",375
"120.47692921729974, 30.181519015482703",145
"120.47464222130189, 30.18324464768297",145
"120.46807857243213, 30.176655003455267",250
"120.30996027385463, 30.431960793361018",322
"120.49450510358577, 30.27475620074249",145
"120.4974669066827, 30.34606731433768",400
"119.97318517884169, 30.27511214941129",245
"120.47443083294759, 30.31197208519805",245
"120.2955286814299, 30.168999118371087",114
"119.94426306515079, 30.297706879285936",741
"120.27112661648883, 30.115210095548328",574
"120.26565117491387, 30.172004700323445",170
"120.2656276393095, 30.17171003888439",170
"120.60730263155716, 30.379964624858005",414
"120.44412516617803, 30.15373478922397",112
"120.5732962883409, 30.3368383928015",112
"120.4619673102172, 30.249143267025797",374
"120.40192412077752, 30.20306030243145",666
"120.51481129963882, 30.276996901221896",586
"120.59491580704953, 30.324483114551576",112
"120.38060984628117, 30.235361199619945",112
"120.58015916277603, 30.378215845060293",112
"120.56884123199471, 30.33712569705803",112
"120.10838914114846, 30.17005866946155",474
"120.27890791847737, 30.22176995805483",654
"120.31385496722369, 30.414857434375357",304
"120.23257835078356, 30.216114488380775",179
"119.87904408729493, 30.39124814349357",304
"120.24166444152533, 30.18431724031554",204
"120.41477617770877, 30.165220939126186",114
"120.62243395905888, 30.29904801026834",300
"120.61118600627681, 30.299273375205996",300
"120.30954301094523, 30.30344498761898",300
"120.61870275729264, 30.301809883467648",300
"120.10515551080421, 30.308680471894082",300
"120.6210854228273, 30.305439721257766",300
"120.62318197805705, 30.317627674206072",300
"120.61874084544627, 30.30377892712753",300
"120.61985007308999, 30.29768739049872",300
"120.62096343293905, 30.296724561583982",300
"120.2710830486716, 30.20322479171667",181
"120.52704999356786, 30.20137606599434",292
"120.5234080833693, 30.198856679857485",241
"120.5260948253191, 30.19641838643596",292
"120.52357283259984, 30.19950959151147",292
"119.4359969567555, 30.353591163561067",292
"120.52287880176283, 30.197170185771924",292
"120.52137539766132, 30.195867214108716",292
"120.15970125018393, 30.1795504619034",302
"120.15819775625187, 30.167795523589955",302
"120.07643425822533, 30.195463528930457",302
"120.2230350225372, 30.184916085745336",302
"120.61863601319325, 30.34944344582979",662
"120.64769439983002, 30.242206691560455",347
"120.0115478546286, 30.2849935903439",302
"120.26766364874787, 30.17089419282144",302
"120.28924013862257, 30.130179951547824",302
"120.20219925203007, 30.18484329012578",302
"120.157626085405, 30.17517797441794",302
"120.45822496946263, 30.319191978068496",1390
"120.47159004867063, 30.28980214006984",440
"120.47977406101928, 30.33567701101733",630
"120.67171347221691, 30.321357457972745",1194
"120.2713444564733, 30.521030583658767",202
"120.42062279912047, 30.189025488179226",107
"120.27130555894642, 30.155609712462656",102
"120.24709739324969, 30.198416408767375",239
"120.42139408423134, 30.198649030092735",239
"120.43458053089715, 30.19852660009916",239
"120.1512335978705, 30.282552670381136",239
"120.42633736962219, 30.19863584224982",239
"120.18532415722834, 30.06940749724461",630
"120.28135607048371, 30.183950033003804",530
"120.14193276719656, 30.049581295042923",547
"119.96462109343176, 30.052690667037982",166
"120.31980165986919, 30.259508365832062",166
"120.31221286475144, 30.208430094308447",166
"120.34849847853819, 30.195513940895992",166
"120.23600502698191, 30.086271552573322",166
"120.31624580733849, 30.260214836602405",166
"120.15777537300109, 30.286946290818566",359
"120.33061995312586, 30.24817769515466",166
"120.31976024798519, 30.261644607306263",166
"120.3230777001149, 30.254216982220058",166
"120.25952006014715, 30.05601273908829",101
"120.34031096279806, 30.15171641160497",210
"120.27684801411243, 30.2222711318709",423
"119.9656970163987, 30.057287858281224",844
"120.27457988253029, 30.2146037641572",844
"120.27276207150031, 30.220937523242174",423
"120.27456730625315, 30.21884860323884",541
"120.27332243447742, 30.209584415000275",421
"120.47286582215591, 30.238091341875858",1734
"120.5153853168597, 30.333065799294804",1137
"120.41537337121181, 30.189294343436128",480
"120.27276830574054, 30.169405858466856",480
"120.27280447691021, 30.169398192393178",480
"120.2720916660982, 30.169492985486833",480
"120.25983671283943, 30.1555641201528",480
"120.27243981517826, 30.169459596213624",480
"120.27275129183417, 30.169339211299096",480
"120.27370951432167, 30.16908919112528",480
"119.67944249435665, 29.803509936661385",480
"120.09396954110231, 30.44951411239841",480
"119.00153633130627, 25.424343792481636",480
"120.4856383413207, 30.235148632054344",365
"120.33240838956567, 30.242332972946265",301
"120.18719568692782, 30.232291804238482",301
"120.12702062623927, 30.356737828674124",495
"120.35736376578562, 30.241821216421485",301
"120.28961832524227, 30.266193624409457",301
"120.3352413756525, 30.242403016534933",301
"120.35714925042983, 30.24083006562369",301
"120.26363708412994, 30.21408928710844",301
"120.45613021084392, 30.27558349673723",165
"120.44643938083281, 30.30232748234572",177
"120.51799291809405, 30.311519625346612",331
"120.28047483277842, 30.1810186466773",545
"120.33455995432993, 30.195431288201753",744
"120.2568495775271, 30.192841446482877",490
"120.25710918781948, 30.193141584851805",490
"120.50586669201486, 30.348575095260593",309
"120.51272363763363, 30.341444664950874",159
"120.50580704452899, 30.3499999808233",309
"120.50579500723516, 30.349151035780498",309
"120.45874490869181, 30.315656417451766",159
"120.27734298044842, 30.258929085604635",332
"120.27178264900276, 30.261151590679045",332
"120.28069351447515, 30.261185579974395",193
"120.26795074718886, 30.205944286846446",193
"120.31169184755566, 30.245228351901126",193
"120.27898184902082, 30.26158845874979",193
"120.27345098199591, 30.263651351020386",193
"120.27775395521924, 30.213226123650674",332
"120.27685701603195, 30.26351750625496",193
"120.27794295869855, 30.258791049823166",512
"120.27086601806039, 30.241573098167827",193
"120.28270945756505, 30.260813995282593",193
"120.29933637391032, 30.21114203182036",193
"120.26823164732183, 30.265927242880284",193
"120.29220778070534, 30.17204091825084",193
"120.18609005250613, 30.255193393914954",193
"120.27652228853452, 30.259613958544158",692
"120.27739898889867, 30.262577161617283",193
"120.2776002551465, 30.261768601920274",193
"120.40188315804626, 30.186959063000184",193
"120.27318795814259, 30.193562135993616",193
"120.54058251692292, 30.24027657055104",60
"120.27150031158098, 30.158292595042138",140
"120.45558190851658, 30.267116233376388",205
"120.25126310539109, 30.053146599938486",614
"120.25666398760873, 30.056072210099742",450
"120.29853194132613, 30.161814595966227",1430
"120.29791121221874, 30.16194878796472",420
"120.56534601508594, 30.232805093016072",625
"120.55863288817932, 30.230534978803288",870
"120.53381414422745, 30.324722838104584",2495
"120.27212113051894, 30.056210454663688",420
"120.29439946648858, 30.169955321343956",480
"120.2841777379211, 30.104383954598354",453
"120.46292391575477, 30.192277923663763",265
"120.27090630167268, 30.193901733657558",905
"120.27498897085954, 30.20733506094368",343
"120.27390606356725, 30.201322145601594",146
"120.27480095551628, 30.206588489883792",343
"120.27436635531058, 30.20393455823786",146
"120.29373552888616, 30.135882336735598",120
"120.47862396047486, 30.30918143164956",920
"120.1923805266703, 30.131668166707108",515
"120.34247120788845, 30.474016787255948",509
"120.29027633402833, 30.19456601989842",497
"120.46166116769939, 30.177234617161922",1568
"120.30421516096555, 30.155222957843346",105
"120.26297700924121, 30.04989523777077",180
"120.30463772387746, 30.14767258249992",855
"120.3394095132188, 30.178660689497143",120
"120.29392947304576, 30.148313500957165",250
"120.20297065032744, 30.252163152073354",503
"120.25826216294153, 30.180344303748974",180
"120.50564420329937, 30.18387396144619",596
"120.193887303909, 30.132898894855153",1291
"120.32101895366577, 30.15559480128147",630
"120.56404958057394, 30.362949054400612",1170
"120.56369419115147, 30.363203793326374",1170
"123.46305699016943, 41.687073888367564",1065
"120.40333580788645, 30.170040013729384",180
"120.27290975292614, 30.20653028082121",101
"120.25026571678337, 30.23743611471971",145
"120.26220698175807, 30.2062880808094",458
"120.44664353692946, 30.26900427421303",230
"120.4446778935583, 30.2702450134455",230
"120.27433249368437, 30.22484606390792",238
"120.27292241903383, 30.274962128707436",238
"120.21277645985059, 30.307139246714183",103
"120.46446774360422, 30.212955227784164",120
"120.46405757730838, 30.211791037980344",120
"120.45859264590787, 30.21778232005747",120
"120.25277468407275, 30.195794639862026",965
"120.18032930460967, 30.248830243480192",86
"120.28082274650244, 30.13526444995448",125
"120.301440744398, 30.147476769322104",80
"120.19049121052171, 30.07613165325144",168
"120.13915698639678, 29.97854092905931",144
"120.2437499475973, 30.115317797168753",326
"120.14831772632341, 29.886977291997628",1418
"120.29245472489004, 30.0991084235386",120
"121.35058297832012, 30.819613871866764",270
"120.27623096805763, 30.064773266388197",540
"120.42027974882248, 30.260931909088846",87
"120.44714510042112, 30.31375747484716",131
"120.19547482982999, 30.018808077864318",460
"120.34597136547752, 30.230350253252865",1359
"120.33906905543051, 30.23282514086629",1359
"120.34357486603801, 30.231959257191885",1359
"120.34900979403447, 30.23084225587432",1774
"120.34725001354042, 30.23042404990416",1359
"120.18560209295312, 30.340485231281892",1359
"120.35111218825003, 30.229748488619148",1359
"120.3504352252177, 30.230649105942394",1359
"120.39007329540497, 30.171962361627344",519
"120.28764995820882, 30.193908080673967",130
"120.46316996163397, 30.30979003152624",165
"119.06773246431467, 29.615021485076937",282
"120.45096423551713, 30.16204074723819",282
"120.51681541923158, 30.2276797285442",367
"120.54122462570146, 30.232219413141404",282
"120.01519731059344, 30.05809498448901",282
"120.61391730417988, 30.25684191687741",282
"120.61502230978772, 30.252356337293026",282
"120.54207127864461, 30.232435962211074",282
"120.15900353629434, 30.0743620927935",121
"120.20545772164458, 30.01705646908147",143
"120.27396237050425, 29.96122381510358",637
"120.2600279620825, 30.208279814699292",180
"120.24367871197036, 30.17922257391108",120
"120.24642797598364, 30.192562143722927",120
"120.46123546071823, 30.267253060818565",238
"120.27979724093225, 30.220023709147895",93
"120.40988714997071, 30.271453964187252",792
"130.41056077772154, 46.828385151991114",400
"120.27613493919861, 30.20997196843447",180
"120.31488101177719, 30.240557062528705",180
"120.27476322668488, 30.21526132959233",180
"120.32552135071232, 30.243247591605304",180
"120.28916225553486, 30.217670128318833",180
"120.1983708769636, 30.11002106434278",40
"120.26646836343629, 30.180564792545823",350
"120.4857621655488, 30.227407234640292",247
"120.27451179097264, 30.176650944742242",363
"120.29407562735223, 30.18298553163454",244
"120.16895496473386, 30.259985091841727",107
"120.13709483626876, 29.884171982013306",502
"120.24964992835628, 30.05126127160881",419
"120.27185613039349, 30.163741431732266",151
"120.66435257720704, 30.323712503745345",151
"120.40656099415892, 30.385980974180626",151
"120.29141996677309, 30.150112328683118",570
"120.28326119680926, 30.038916883467756",203
"120.25958123475239, 30.15611497375889",148
"120.26000801970018, 30.162968297646362",280
"120.25259259754586, 30.155949155908527",88
"120.26105867782466, 30.158021780728728",88
"120.24110892939797, 30.245471859006912",160
"120.1775974722148, 30.32115139459202",160
"120.59933627863357, 30.201215865376877",395
"120.28984128466986, 30.117616210506814",125
"120.2954746315279, 29.961845537532586",109
"120.46130669634516, 30.187603157395117",360
"120.24361565092356, 30.059485754421836",516
"120.51498271519455, 30.365938518472632",1608
"120.47480353361553, 30.364586102795755",155
"120.4732027765527, 30.36421558822685",273
"120.54096941710607, 30.379930275799623",170
"120.54608517715485, 30.36972954594738",170
"120.2634529315004, 30.158881919990367",327
"120.53626319453929, 30.365721649727433",200
"120.15459312573199, 30.34930070807426",170
"120.4479019919828, 30.357970264593114",170
"120.26520965775572, 30.18831725198718",170
"120.54024920605328, 30.37979147705008",170
"120.50120107285714, 30.230854737278392",673
"120.28136110099457, 30.382343325906493",523
"120.21871947303671, 30.077460677768528",84
"118.6703171661514, 29.48029945240508",165
"120.17898605608502, 29.94545963330741",107
"120.13771118045241, 30.012280139786355",540
"120.20394583399373, 29.978554303008455",540
"120.58634579282324, 30.185610298541206",448
"120.43696953397719, 30.21526499659169",240
"120.54364780481463, 30.198389876947257",365
"120.26419268608785, 30.094633005474215",120
"120.5108789672689, 30.334457015273692",315
"110.73877259556053, 24.590013653072237",120
"120.4355887485778, 30.25476039659043",408
"120.52443502622832, 30.167595145264656",180
"120.44988716721068, 30.217465171310987",132
"120.50369036725584, 30.1897820270304",292
"120.57950609467026, 30.18160658561334",178
"118.91442090874116, 29.803212836451664",775
"120.40117367635449, 30.21659134900366",65
"120.40091747962305, 30.218281485906452",65
"120.28962962706805, 29.969276959727612",211
"120.55199467995223, 30.19875882466833",99
"120.20543182776368, 30.06256972826078",75
"120.51634686307757, 30.175421849397082",65
"120.46170903660341, 30.192546407692646",68
"120.46167500160426, 30.1951561402359",68
"120.44860896830053, 30.194743087589853",100
"120.20065607635043, 30.001254414682975",71
"120.319748480183, 30.24229990112295",314
"120.26623277922309, 30.151748880232216",210
"120.2758280780364, 30.1355112771785",840
"120.41773887911124, 30.189760877736454",485
"120.45391180586158, 30.27537550388087",92
"120.52414289727646, 30.187639213444143",730
"120.2885436823607, 30.109773391696216",70
"120.40370411314554, 30.256832324360822",570
"120.46518333377347, 30.302831203182002",490
"120.2327453179304, 30.231196653955106",305
"120.27912405078305, 30.169990134997",164
"119.96351644714613, 30.03016655275485",105
"119.03260225108647, 29.320116931258482",220
"120.26993303795773, 30.155982178977457",240
"120.22919479324966, 30.14118867780008",210
"120.18283019164097, 30.27141232488005",738
"120.24404072909087, 30.21008245248119",78
"120.29054420873142, 30.150193134619716",53
"120.26690905530334, 29.983620083311987",470
"120.26245280755239, 30.205996891770983",165
"120.41599832235511, 30.27909081043698",85
"120.41510385710119, 30.27772809437956",165
"120.28270343891812, 30.128634317176346",210
"120.29056473411401, 30.170052380060426",399
"120.24236709609524, 30.066133935617216",180
"120.21927498516409, 30.08488717854615",180
"120.27064728066871, 30.062740471221435",300
"120.28864939609589, 29.9900929968431",281
"120.19143694656263, 30.063892997960092",103
"120.226473017385, 30.03644325459688",717
"120.21381247918846, 30.098733943599807",242
"120.21279424989291, 30.09274089789587",242
"120.21475965251818, 30.090302922607588",242
"120.55868615769606, 30.25492690425515",255
"120.5378027105223, 30.19320510855867",270
"120.33450953962809, 30.175584720523574",229
"120.19767864273761, 30.033888583241787",300
"120.20363027606341, 30.066002346998907",300
"120.18227063713881, 30.047452913467428",250
"120.00985490806451, 30.388487020468197",503
"120.33303521277765, 30.150208512957793",225
"120.36278459038557, 30.22728062183967",180
"120.29682300492395, 30.243444070476745",180
"120.29680279304998, 30.248582175781987",180
"119.72719418612539, 30.263740406964846",180
"120.31545987984782, 30.222674003846603",125
"120.35351695210024, 30.173405403259387",475
"120.36602316141014, 30.17530781366576",295
"120.51165501339895, 30.312385034241927",321
"120.27643146984745, 30.182466516997128",365
"120.27588332382527, 30.180256732484995",953
"120.28224835734677, 30.186070138629994",230
"120.27976202735626, 30.183572131920727",230
"120.28985188467487, 30.18242928832223",230
"120.31104506758848, 30.017691999927855",420
"120.25469615955858, 30.05381244260001",1260
"120.2490128500886, 30.179021282450456",122
"120.00784408531602, 30.01017025770623",95
"120.41842869509878, 30.189370336937518",95
"120.41169255360501, 30.268968940188053",80
"119.50952944448926, 29.54805578964155",80
"120.24622864199098, 30.00801741171219",145
"120.28615168612669, 30.1670824754854",415
"120.21453848970164, 30.27603589445196",415
"120.28615178673692, 30.166903500757737",415
"120.27078831463378, 30.1657695525344",415
"120.26695408531029, 30.179944379819265",90
"120.26781654034566, 30.179155060536115",91
"120.27487362843205, 30.17148828117214",91
"120.27412605858666, 30.171678191978888",91
"120.30714651150572, 30.180630665916226",140
"120.27299687418773, 30.18287639206108",240
"120.27546902532407, 30.06722422335065",347
"120.2826255558304, 30.084472643779232",60
"120.27799290448489, 30.0700920605256",60
"120.31997404469656, 30.210201129061286",337
"120.32750184487017, 30.088548149032402",135
"120.31360775354733, 30.101545945145045",127
"120.30306811465988, 30.101677954676397",127
"120.30871558174, 30.102534059503522",222
"120.32934408981004, 30.233903584310585",134
"119.93676230397303, 30.2509020182996",134
"120.25398317447531, 30.13671299904501",284
"120.26111446259682, 30.122717606293936",284
"120.3100129145575, 30.506130309974836",284
"120.45411001158253, 30.321625012382285",260
"120.23293433245225, 29.95693477764786",260
"120.2816490079105, 30.046816257910876",243
"120.27973283242719, 30.049351757490737",243
"120.33412999207555, 30.134955153713868",243
"120.21599877513866, 30.18885504370786",387
"120.18696688851442, 30.26054167215433",387
"120.45573172251969, 30.187895039313872",145
"120.27262667709722, 30.191450695529632",136
"120.4698578874778, 30.179865119932973",105
"120.52666363236803, 30.268113093851326",204
"120.5162500257436, 30.256628073722073",204
"120.6342109239558, 30.29357626031275",204
"120.65412429100934, 30.294265956338712",204
"120.49339524712819, 30.26493477810429",204
"120.66755647363894, 30.34994092266258",204
"120.27226755431705, 30.162023026739767",204
"120.45591910904908, 30.26685801544055",230
"120.58947297396456, 30.32106886000621",182
"120.12919513761662, 29.869081671085485",417
"120.13876685231392, 29.8837640370349",206
"120.34339349815555, 30.011550608044043",110
"120.44466136473692, 30.150163779040824",95
"120.57292097629883, 30.307559986963355",271
"120.41725532125521, 30.184369453102633",370
"120.47923157432182, 30.245519047212834",324
"120.47027555821789, 30.23434689325679",915
"120.47890243518296, 30.2447525675204",136
"120.48836877864711, 30.245111355957683",324
"120.29144826339666, 30.216443110512994",103
"120.26823200664403, 30.24353610887472",103
"120.24937989771999, 30.204163498974754",515
"120.56609331543969, 30.262704327243917",104
"120.55406086526929, 30.231732650964254",104
"120.5652885235333, 30.252920604398966",104
"119.96066799348957, 29.906303933125933",179
"120.30045215918426, 30.02767441121621",96
"120.47910599121153, 30.245159090319593",188
"120.44532197860897, 30.22515610781391",188
"120.53944041129755, 30.271574359387117",255
"120.49949402289653, 30.325787792693554",378
"120.51084438250676, 30.305655093914663",340
"120.47070746350708, 30.272781188262755",105
"120.11567411257656, 29.896547077177686",155
"118.54966521416283, 29.548117137519245",150
"123.20358018598459, 41.223368108444966",150
"120.56884078284195, 30.234081906610534",150
"120.55122950331884, 30.247129126282903",150
"120.49741749987966, 30.281148185302538",150
"120.62324764418982, 30.310667381392896",615
"120.52317371546175, 30.335547578114216",150
"120.264728758884, 30.17942731062766",82
"120.27799200617939, 30.081232243310144",117
"120.2608962228664, 30.238259268709445",175
"119.72539595815552, 30.234151254083397",286
"120.27313450896473, 30.161726227429018",132
"120.31469245745063, 30.18572026389209",127
"120.31671076308402, 30.18798823913366",127
"120.37251800007785, 30.169127127415173",127
"120.26999043967982, 30.177924045463634",127
"120.27961955610236, 30.186219515951894",127
"120.25979314502219, 30.207331003507726",436
"120.2564036335194, 30.208748021059463",436
"120.27189799143025, 30.178986159818802",234
"120.55056143351106, 30.16938276766723",154
"120.19852107364487, 30.048808586815262",156
"120.43729885277715, 30.294297841116194",347
"120.54657017229968, 30.21755793645095",546
"120.2760933476535, 30.050161740517364",52
"120.44667535491062, 30.196800821255497",95
"120.4466029622662, 30.19523409953198",95
"120.33790197691195, 30.234205078297105",270
"120.54320287409553, 30.281631822297552",208
"120.28129363825077, 30.211525833893766",494
"120.27774784674178, 30.2186136115629",298
"120.27760339921578, 30.2249079470727",494
"120.47135792652686, 30.194656621785125",95
"120.26494259152759, 30.184094886892765",95
"120.26416331149768, 30.18688289209855",95
"120.27491099794126, 30.223267074546918",95
"120.26423957763548, 30.184623726634833",95
"120.37779231104912, 30.27622014338295",95
"120.2701277905923, 30.176156170749174",95
"120.26567578848484, 30.18546287141418",95
"120.25981775859317, 30.045787486948893",125
"120.25815697136633, 30.045211236065537",125
"120.25767404232415, 30.045412256017734",125
"120.55336504500771, 30.295561296230066",528
"120.54989435183934, 30.289020495047236",528
"120.25033937783518, 30.301600660487196",1001
"119.74340858393728, 29.976024091511498",822
"120.50111142196725, 30.200955470533195",210
"120.46622821848844, 30.183672662024716",100
"120.46782361476342, 30.181853873195543",100
"120.4655828909016, 30.183692862110377",100
"120.27404260600477, 30.201464554678413",197
"131.81459486269898, 46.772973223021964",120
"120.27926119778019, 30.14984406662546",610
"120.27283016305796, 30.149802923304843",185
"120.28167685538133, 30.149617810509145",163
"120.199652023488, 29.97684297021392",105
"120.2412916447387, 30.174022034008512",104
"120.45480853394709, 30.2156144531944",113
"120.45688379933623, 30.21847473839355",113
"120.45457596265057, 30.216998067451144",113
"120.45531499859362, 30.219493111030694",113
"119.49479022734751, 29.544622526493576",326
"120.28496941456704, 30.173132055065366",845
"120.25687005889272, 30.046242514075136",164
"120.27344307690741, 30.207871577332295",164
"120.25009378110876, 30.051087851467468",164
"120.25333298094718, 30.04802829147379",164
"120.12242866813337, 30.23130274061586",164
"120.25090036333803, 30.04361566012484",164
"120.2490463847316, 30.046641761046082",164
"120.25436441533374, 30.052630568765224",164
"120.27826769614039, 30.08572850841319",164
"120.24650747602128, 30.04463537258397",164
"120.24834469045028, 30.046958892248902",164
"120.28593320654869, 30.17518792380038",164
"120.25595576354468, 30.05014384343478",158
"120.54726123872851, 30.26988928088088",106
"119.713352825336, 30.225802758216687",240
"120.47083637034777, 30.31266890351416",240
"120.28891081982262, 30.144895636995933",110
"120.28987047959893, 30.143910839623626",110
"120.18184816405748, 30.314833204035576",420
"120.45843795769906, 30.165891171310015",420
"120.26074431940467, 30.215669109763333",175
"120.26987303114966, 30.268603657838796",139
"115.9054660260597, 28.691259179775223",107
"119.33220528433644, 29.519336847975456",107
"119.13768459232016, 29.870910988955703",107
"120.24600936561599, 30.16521945596111",107
"120.25821194766354, 30.19801242200643",107
"120.25250168902826, 30.170860394229464",107
"120.23662800185309, 30.17612978897659",173
"120.22854151583874, 30.191063508038372",107
"120.25063752543396, 30.148674674494995",107
"120.18904736407555, 30.06673241155129",107
"120.22155515404006, 30.136275258535203",107
"120.24864023296307, 30.16241272083471",107
"120.13674388507927, 30.360281473375398",107
"120.23139690746159, 30.178402477040027",107
"120.47229746425975, 30.195253218669144",70
"113.67364044997544, 23.372353393855775",70
"120.50494592886713, 30.243036370526042",300
"120.49466590027205, 30.24162808827863",310
"121.72251899132434, 29.9548849633495",107
"120.48354667466954, 30.185362661423998",207
"120.28788899730502, 30.066799221211355",360
"120.14171518082725, 29.98585354862767",185
"120.45747156063142, 30.180593982883693",290
"120.5014499034834, 30.2007051412412",535
"120.26752683681869, 30.176253970571658",85
"120.26800500484165, 30.182533793937516",170
"120.26905665110219, 30.18322638470693",170
"120.27157208619123, 30.184016762596837",170
"120.27042369242727, 30.223347741869006",100
"120.50628242780489, 30.19945574811997",150
"120.59768833717553, 30.304414141756034",252
"120.38748673428225, 30.17831570538066",358
"120.28179219780881, 30.17322486240501",160
"120.29069341727661, 30.150570618471544",148
"120.57291289154924, 30.321518863590384",165
"120.47001544038288, 30.24088457933595",210
"120.47941500830696, 30.241783776423745",210
"120.47980781056262, 30.24575079635178",210
"120.46971110076426, 30.23541998288564",92
"120.22799339946064, 30.313872883477337",92
"120.13751440333164, 29.91520571249921",479
"120.26595201742916, 30.165025317264618",367
"120.2662039921247, 30.16599015233259",144
"120.17334803799986, 30.2607350746836",144
"120.31270693278194, 30.100123511617838",95
"120.42192543194048, 30.169775242451554",153
"120.30806145992189, 30.19433804644989",125
"120.29052121211035, 30.1626339527275",385
"120.29022935265016, 30.162647926072978",385
"120.26541258497042, 30.156451917261467",68
"120.29311417096491, 30.154232253212648",70
"120.33881258920741, 30.20356882936668",516
"120.33997050500977, 30.202952463479924",516
"120.27060577895415, 30.186567359748288",360
"120.27214349832612, 30.154579118081625",1320
"120.27843442164306, 30.162534499920305",360
"120.53248864504066, 30.221798225216077",150
"120.28577717088162, 30.174637255892076",105
"120.23954003882479, 30.235861055392732",156
"120.20188298201596, 30.016672305134385",141
"120.22604021379028, 30.030150371744522",141
"120.2500614421104, 30.051089961583695",85
"120.46939193281655, 30.19787536031892",70
"120.49409969830911, 30.25580506174189",110
"120.50247361244259, 30.230933448095907",110
"120.49649898249571, 30.225556081371042",110
"120.18324407332841, 30.13040696915441",123
"120.24699983727129, 30.1895775576495",60
"120.32749878973314, 30.23245255838396",137
"120.31351810265745, 30.23850085660808",137
"120.31775400030666, 30.23929907316845",137
"120.31128163724284, 30.239298441508236",137
"120.38884075017744, 30.172148947506123",137
"120.3249442792527, 30.209787437949903",190
"120.29255883849864, 30.173655412373368",337
"120.19990500311354, 30.02584425210407",194
"120.12546348669885, 29.890320857429597",72
"120.40691600449647, 30.182737107379033",125
"120.40979213080709, 30.179842250303835",125
"119.99084146347087, 30.02480955453107",152
"120.19946303680263, 30.243303048762442",152
"120.44130197162126, 30.167417169624862",152
"120.4397706302184, 30.169067334819886",152
"119.70566818102033, 30.22168297012011",152
"120.20486535630909, 30.255796482977093",152
"120.10726194739456, 30.277908308921216",152
"120.45582002595131, 30.187831121930973",152
"120.33168174574712, 30.244728968476554",131
"120.29073366136346, 30.26328530059849",131
"120.29158570413968, 30.17303916958238",60
"120.41435144718568, 30.19089899159523",300
"120.46793592151714, 30.352311791247036",118
"120.26435806413225, 30.150868544717063",360
"120.2595911655198, 30.195446190407814",361
"120.2819540724617, 30.17290319756461",129
"120.28245236252808, 30.172927550775757",338
"120.28132624674078, 30.172864482190803",129
"120.27212616102977, 30.163489992088156",126
"120.27213361696552, 30.16327836386951",126
"120.24411205454838, 30.179374225171408",60
"120.30496587488025, 30.438498951657497",75
"120.1817436012961, 30.22234945955054",75
"119.25377559422593, 30.178269811474113",75
"120.32685290896977, 30.084308188772752",232
"120.195093499141, 30.072632193093686",120
"120.31228740727765, 29.982540831913315",161
"120.38558906389243, 30.178236717895448",98
"120.37081696876415, 30.176537144604485",260
"120.52490394170452, 30.286442097741723",183
"120.54342734267637, 30.28353789341439",183
"120.13264392890117, 30.28150372071305",473
"120.26909739734182, 30.221720866364915",248
"120.26360348750387, 30.070543771218105",300
"120.22792548756408, 30.022069538866816",125
"120.46088197750004, 30.18489212575511",86
"120.46197539496679, 30.181379933348907",86
"120.2842813125464, 30.16614525882773",330
"120.28309677007043, 30.166183976633402",330
"120.25987498065416, 30.199720126690067",171
"120.37584208978696, 30.229227226695727",185
"120.43257699969449, 30.265919054911876",185
"120.43534827219277, 30.26571022249412",185
"120.43305705415904, 30.26489438370772",185
"120.17385360434088, 30.308555757689508",185
"120.44268500278443, 30.26481203523336",185
"120.43448949212524, 30.264822250814934",185
"120.26270617012996, 30.24398631578379",134
"120.17416053854812, 29.944713175697",127
"113.36268220626921, 23.315316435172562",141
"120.46202237634496, 30.30139112524704",45
"120.46099579280815, 30.30501497660424",131
"120.49621520778511, 30.312942249664346",861
"119.91977524167758, 30.29576159916908",139
"120.49724996590206, 30.351815962734054",165
"120.48108702435268, 30.330847979109347",165
"120.49691301150526, 30.327269981154284",165
"120.50478297624763, 30.353164993672657",165
"120.21397989369144, 30.193943770186443",165
"120.4826109098198, 30.28793829689461",102
"120.25963944494944, 30.24054005831059",142
"120.2917079635196, 30.16144293234766",130
"120.2982042394761, 30.16446694193301",130
"120.31209569606888, 30.151628794037652",130
"120.33272944395493, 30.152982342800396",120
"120.27145430152123, 29.9700718037879",420
"120.29415988840907, 30.177788626613108",137
"120.28366013428625, 30.187291685645967",137
"120.29852897691795, 30.174427915412586",137
"120.56287423764468, 30.33577994940389",360
"120.52252621685017, 30.31850409587445",120
"120.3249084260832, 30.231170235828156",235
"120.03186768818689, 29.904910368100293",90
"120.26882830184155, 30.183331123608568",90
"120.60574317319184, 30.293184830107485",810
"120.27080810610076, 30.167002686363322",120
"119.97218814955617, 31.986301971698325",240
"119.72483441074414, 29.819874612831732",286
"120.53826003785743, 30.23148411000332",300
"120.42589405585302, 30.230604406812255",360
"120.27961793915244, 30.149687686531877",60
"120.56167598792491, 30.226045065730446",120
"120.56116332497037, 30.225303006816624",120
"120.56015250489865, 30.324871425416923",203
"120.56230623907072, 30.332625122618893",203
"120.27408804344506, 29.942927944721642",120
"120.4477826170619, 30.25441006665249",190
"119.69406387044245, 30.208661521332132",190
"120.4478555594693, 30.263724030658935",190
"119.09692559676829, 29.278404502227534",190
"120.4143695148044, 30.146048601687397",102
"120.60627586835928, 30.191948517665587",45
"120.66888506748819, 30.241921212344828",45
"120.23296516113615, 30.19532368631374",45
"120.27396633986697, 30.128265260459788",480
"120.4594103734136, 30.170568461331097",360
"120.45830851187506, 30.170590707585383",810
"120.45977804985884, 30.17139523801148",450
"120.4593517140638, 30.17373424745909",450
"120.3454205245388, 30.174015789666026",550
"120.62577403860608, 30.291830520875404",400
"120.27468318766394, 30.214518954433423",120
"120.45028691316261, 30.26770869446299",120
"120.29009793055405, 30.161855657644466",106
"120.29063520707959, 30.162312252974704",106
"120.26638598882103, 30.04770324473733",70
"120.31453999817373, 29.95393197251902",270
"120.61135848093471, 30.180338372008084",120
"120.61482926393363, 30.17799624275667",120
"120.27792795699654, 30.184961118023757",685
"120.29420300707356, 30.207359093445472",1047
"120.33176232824289, 30.178304231906043",198
"120.57644017796471, 30.165717876218014",480
"120.17881359821422, 30.391765413862526",135
"120.26173213746547, 30.163135040329877",192
"120.52693195622385, 30.31085062928411",90
"120.55579702751487, 30.292195060493484",180
"120.33779840228664, 30.16986415010403",180
"120.25780131540178, 29.71218813959767",180
"120.5079900167488, 30.23771006261024",240
"120.51313272596286, 30.235144267032044",240
"120.21645259908229, 30.07818268758414",113
"120.2691125257049, 30.161187505490627",600
"120.26962626662608, 30.156914002625328",600
"120.32808872204362, 30.173386241495713",130
"120.19348032210617, 30.08119950749933",420
"120.30455112722629, 30.17623359886891",117
"120.25207346679166, 30.208310245168462",120
"120.3537166454151, 30.161149566114382",186
